,time,zone_id,queue,charging,id
0,2020-10-01 00:00:00+00:00,769,0,0,769
1,2020-10-04 12:19:48.415781,769,0,1,769
2,2020-10-05 18:18:24.229184,769,0,1,769
3,2020-10-06 09:08:23.829877,769,0,1,769
4,2020-10-07 13:26:39.023796,769,0,1,769
5,2020-10-11 07:28:35.141901,769,0,1,769
6,2020-10-13 17:32:11.922381,769,0,1,769
7,2020-10-01 00:00:00+00:00,2072,0,0,2072
8,2020-10-02 05:34:21.793287,2072,0,1,2072
9,2020-10-02 07:05:17.624465,2072,0,2,2072
10,2020-10-03 06:15:37.812705,2072,0,1,2072
11,2020-10-03 07:38:55.926975,2072,0,2,2072
12,2020-10-03 09:22:58.478861,2072,0,3,2072
13,2020-10-03 11:53:48.212784,2072,0,4,2072
14,2020-10-04 11:31:45.176292,2072,0,1,2072
15,2020-10-04 11:47:41.564876,2072,0,2,2072
16,2020-10-04 12:25:14.106726,2072,0,3,2072
17,2020-10-04 16:19:22.839721,2072,0,4,2072
18,2020-10-04 16:44:57.252809,2072,0,5,2072
19,2020-10-04 16:51:49.447754,2072,0,6,2072
20,2020-10-04 20:03:28.308331,2072,0,4,2072
21,2020-10-05 06:22:05.613417,2072,0,1,2072
22,2020-10-05 07:35:20.592794,2072,0,2,2072
23,2020-10-05 08:09:33.596305,2072,0,3,2072
24,2020-10-05 11:07:27.263770,2072,0,4,2072
25,2020-10-05 12:20:12.887639,2072,0,4,2072
26,2020-10-05 16:55:45.597556,2072,0,2,2072
27,2020-10-06 07:12:31.193874,2072,0,1,2072
28,2020-10-09 08:16:57.972824,2072,0,1,2072
29,2020-10-09 10:26:25.404201,2072,0,2,2072
30,2020-10-09 10:59:39.699065,2072,0,3,2072
31,2020-10-09 12:19:06.028054,2072,0,4,2072
32,2020-10-09 12:58:07.316634,2072,0,5,2072
33,2020-10-09 15:34:09.851164,2072,0,5,2072
34,2020-10-09 18:14:40.813964,2072,0,3,2072
35,2020-10-09 20:19:01.738549,2072,0,3,2072
36,2020-10-09 20:22:48.345850,2072,0,4,2072
37,2020-10-09 20:24:36.944436,2072,0,5,2072
38,2020-10-10 06:51:00.319949,2072,0,1,2072
39,2020-10-10 13:27:38.518717,2072,0,1,2072
40,2020-10-10 20:22:10.346206,2072,0,1,2072
41,2020-10-11 16:04:35.481395,2072,0,1,2072
42,2020-10-11 18:38:58.921491,2072,0,2,2072
43,2020-10-11 19:52:47.579286,2072,0,3,2072
44,2020-10-13 08:02:48.339861,2072,0,1,2072
45,2020-10-13 10:17:22.587613,2072,0,2,2072
46,2020-10-13 19:45:19.357332,2072,0,1,2072
47,2020-10-14 06:25:19.013268,2072,0,1,2072
48,2020-10-14 15:14:08.554432,2072,0,1,2072
49,2020-10-01 00:00:00+00:00,770,0,0,770
50,2020-10-03 23:15:01.146402,770,0,1,770
51,2020-10-04 16:01:29.898652,770,0,1,770
52,2020-10-05 06:31:43.349540,770,0,1,770
53,2020-10-05 11:29:07.624444,770,0,2,770
54,2020-10-07 08:12:22.974151,770,0,1,770
55,2020-10-07 22:14:40.995306,770,0,1,770
56,2020-10-10 16:32:00.682971,770,0,1,770
57,2020-10-12 08:41:11.940950,770,0,1,770
58,2020-10-14 07:52:56.072886,770,0,1,770
59,2020-10-01 00:00:00+00:00,308,0,0,308
60,2020-10-02 19:32:09.360627,308,0,1,308
61,2020-10-03 14:15:17.446649,308,0,1,308
62,2020-10-03 18:19:10.298892,308,0,2,308
63,2020-10-05 19:42:08.359501,308,0,1,308
64,2020-10-05 20:29:57.877481,308,0,2,308
65,2020-10-08 21:23:09.586752,308,0,1,308
66,2020-10-09 19:50:39.835544,308,0,1,308
67,2020-10-10 02:12:16.749684,308,0,1,308
68,2020-10-10 21:29:01.141890,308,0,1,308
69,2020-10-12 12:52:17.497270,308,0,1,308
70,2020-10-12 20:37:26.297847,308,0,1,308
71,2020-10-12 21:48:17.402881,308,0,2,308
72,2020-10-13 10:12:58.023696,308,0,1,308
73,2020-10-13 14:36:32.358639,308,0,2,308
74,2020-10-13 21:58:56.021065,308,0,1,308
75,2020-10-01 00:00:00+00:00,825,0,0,825
76,2020-10-05 07:50:57.569955,825,0,1,825
77,2020-10-10 07:09:10.417758,825,0,1,825
78,2020-10-10 07:27:54.272913,825,0,2,825
79,2020-10-10 16:54:36.664796,825,0,1,825
80,2020-10-12 06:48:48.400946,825,0,1,825
81,2020-10-12 17:28:34.821112,825,0,1,825
82,2020-10-13 18:54:50.413290,825,0,1,825
83,2020-10-14 08:04:14.992549,825,0,1,825
84,2020-10-01 00:00:00+00:00,719,0,0,719
85,2020-10-03 03:01:41.923609,719,0,1,719
86,2020-10-04 00:31:31.822009,719,0,1,719
87,2020-10-05 17:44:13.106757,719,0,1,719
88,2020-10-06 19:17:20.875976,719,0,1,719
89,2020-10-10 01:07:28.528675,719,0,1,719
90,2020-10-10 02:36:58.276678,719,0,2,719
91,2020-10-12 09:38:26.488613,719,0,1,719
92,2020-10-12 11:58:45.778253,719,0,2,719
93,2020-10-12 20:01:55.709093,719,0,1,719
94,2020-10-14 00:58:34.819247,719,0,1,719
95,2020-10-14 13:22:17.113421,719,0,1,719
96,2020-10-01 00:00:00+00:00,717,0,0,717
97,2020-10-09 21:49:45.844295,717,0,1,717
98,2020-10-10 08:33:22.631433,717,0,1,717
99,2020-10-12 07:15:24.213514,717,0,1,717
100,2020-10-13 09:13:34.445748,717,0,1,717
101,2020-10-14 11:01:35.415763,717,0,1,717
102,2020-10-01 00:00:00+00:00,876,0,0,876
103,2020-10-02 23:17:07.603447,876,0,1,876
104,2020-10-04 16:37:26.971116,876,0,1,876
105,2020-10-05 13:15:57.434776,876,0,1,876
106,2020-10-06 16:58:56.489346,876,0,1,876
107,2020-10-08 16:19:25.962326,876,0,1,876
108,2020-10-09 09:55:25.741395,876,0,1,876
109,2020-10-09 13:14:53.034079,876,0,2,876
110,2020-10-09 20:27:49.756249,876,0,1,876
111,2020-10-09 22:56:45.614056,876,0,2,876
112,2020-10-10 19:10:25.573645,876,0,1,876
113,2020-10-13 20:15:09.416740,876,0,1,876
114,2020-10-01 00:00:00+00:00,707,0,0,707
115,2020-10-02 22:01:24.351221,707,0,1,707
116,2020-10-03 00:05:56.104556,707,0,2,707
117,2020-10-04 20:31:36.511056,707,0,1,707
118,2020-10-05 21:30:03.104249,707,0,1,707
119,2020-10-08 18:18:21.017158,707,0,1,707
120,2020-10-12 20:35:29.146196,707,0,1,707
121,2020-10-14 09:24:15.338925,707,0,1,707
122,2020-10-01 00:00:00+00:00,716,0,0,716
123,2020-10-02 23:37:38.916551,716,0,1,716
124,2020-10-03 12:03:28.187331,716,0,1,716
125,2020-10-04 22:16:04.583977,716,0,1,716
126,2020-10-06 00:58:23.913173,716,0,1,716
127,2020-10-07 09:21:52.336055,716,0,1,716
128,2020-10-07 13:04:21.034404,716,0,2,716
129,2020-10-10 22:55:59.378934,716,0,1,716
130,2020-10-10 23:34:20.820176,716,0,2,716
131,2020-10-11 01:28:36.923419,716,0,3,716
132,2020-10-11 02:44:11.090171,716,0,4,716
133,2020-10-13 19:08:07.272414,716,0,1,716
134,2020-10-01 00:00:00+00:00,828,0,0,828
135,2020-10-04 23:50:30.679050,828,0,1,828
136,2020-10-06 13:24:42.218031,828,0,1,828
137,2020-10-07 12:22:48.344794,828,0,1,828
138,2020-10-07 23:37:22.810566,828,0,1,828
139,2020-10-08 13:15:04.157509,828,0,1,828
140,2020-10-14 10:24:43.383196,828,0,1,828
141,2020-10-01 00:00:00+00:00,827,0,0,827
142,2020-10-04 18:32:51.539324,827,0,1,827
143,2020-10-10 13:02:03.038980,827,0,1,827
144,2020-10-10 13:17:40.981597,827,0,2,827
145,2020-10-11 19:30:54.125666,827,0,1,827
146,2020-10-01 00:00:00+00:00,547,0,0,547
147,2020-10-03 00:46:38.357161,547,0,1,547
148,2020-10-04 14:39:17.071846,547,0,1,547
149,2020-10-04 20:03:40.498845,547,0,1,547
150,2020-10-04 22:31:09.774578,547,0,2,547
151,2020-10-06 14:13:27.695096,547,0,1,547
152,2020-10-08 22:29:05.616017,547,0,1,547
153,2020-10-10 14:30:15.146643,547,0,1,547
154,2020-10-11 02:49:19.076934,547,0,1,547
155,2020-10-12 12:22:09.842158,547,0,1,547
156,2020-10-01 00:00:00+00:00,942,0,0,942
157,2020-10-04 19:47:23.862324,942,0,1,942
158,2020-10-04 19:58:07.808973,942,0,2,942
159,2020-10-05 02:49:34.429129,942,0,1,942
160,2020-10-07 21:18:20.963789,942,0,1,942
161,2020-10-09 19:25:10.327033,942,0,1,942
162,2020-10-10 19:26:28.058629,942,0,1,942
163,2020-10-13 11:28:41.482785,942,0,1,942
164,2020-10-01 00:00:00+00:00,436,0,0,436
165,2020-10-07 15:52:06.555975,436,0,1,436
166,2020-10-08 11:58:51.345053,436,0,1,436
167,2020-10-09 00:18:57.953630,436,0,1,436
168,2020-10-10 03:39:30.271199,436,0,1,436
169,2020-10-13 21:02:54.860518,436,0,1,436
170,2020-10-14 00:41:11.219457,436,0,2,436
171,2020-10-14 10:37:57.490092,436,0,1,436
172,2020-10-01 00:00:00+00:00,594,0,0,594
173,2020-10-05 19:51:15.993565,594,0,1,594
174,2020-10-09 16:45:35.305208,594,0,1,594
175,2020-10-09 23:04:09.743900,594,0,1,594
176,2020-10-10 13:18:30.323652,594,0,1,594
177,2020-10-10 20:43:44.998570,594,0,1,594
178,2020-10-11 09:56:53.202202,594,0,1,594
179,2020-10-11 17:51:03.021032,594,0,1,594
180,2020-10-12 16:22:18.611770,594,0,1,594
181,2020-10-13 17:24:34.391085,594,0,1,594
182,2020-10-01 00:00:00+00:00,660,0,0,660
183,2020-10-03 23:49:07.989153,660,0,1,660
184,2020-10-04 04:49:41.913028,660,0,2,660
185,2020-10-04 19:18:50.371996,660,0,1,660
186,2020-10-05 11:01:31.056477,660,0,1,660
187,2020-10-05 17:14:30.172184,660,0,1,660
188,2020-10-07 20:24:20.001348,660,0,1,660
189,2020-10-09 13:56:27.506775,660,0,1,660
190,2020-10-09 20:27:57.154265,660,0,1,660
191,2020-10-10 00:29:29.410095,660,0,2,660
192,2020-10-10 04:46:53.308282,660,0,2,660
193,2020-10-11 09:43:52.602728,660,0,1,660
194,2020-10-11 15:12:13.170594,660,0,1,660
195,2020-10-11 23:50:49.205182,660,0,1,660
196,2020-10-01 00:00:00+00:00,933,0,0,933
197,2020-10-03 13:34:57.267229,933,0,1,933
198,2020-10-04 13:23:13.964335,933,0,1,933
199,2020-10-04 16:31:52.127145,933,0,2,933
200,2020-10-04 20:26:56.173700,933,0,2,933
201,2020-10-04 23:52:01.762045,933,0,2,933
202,2020-10-05 19:59:24.099647,933,0,1,933
203,2020-10-07 12:42:20.615636,933,0,1,933
204,2020-10-07 14:16:19.018801,933,0,2,933
205,2020-10-07 17:07:18.379109,933,0,3,933
206,2020-10-07 20:06:11.128335,933,0,2,933
207,2020-10-09 22:18:47.139940,933,0,1,933
208,2020-10-10 07:57:07.181911,933,0,1,933
209,2020-10-10 08:50:16.626938,933,0,2,933
210,2020-10-10 13:31:49.889618,933,0,2,933
211,2020-10-01 00:00:00+00:00,708,0,0,708
212,2020-10-05 12:54:24.728494,708,0,1,708
213,2020-10-10 13:30:19.255053,708,0,1,708
214,2020-10-01 00:00:00+00:00,877,0,0,877
215,2020-10-04 10:45:34.128894,877,0,1,877
216,2020-10-05 10:45:53.411133,877,0,1,877
217,2020-10-06 20:23:33.097481,877,0,1,877
218,2020-10-08 14:44:37.477613,877,0,1,877
219,2020-10-14 09:31:41.423044,877,0,1,877
220,2020-10-01 00:00:00+00:00,664,0,0,664
221,2020-10-01 15:57:17.973608,664,0,1,664
222,2020-10-03 11:46:55.475706,664,0,1,664
223,2020-10-04 01:34:52.667520,664,0,1,664
224,2020-10-04 13:46:27.924076,664,0,1,664
225,2020-10-04 22:05:59.663085,664,0,1,664
226,2020-10-05 02:43:49.053163,664,0,2,664
227,2020-10-05 15:38:03.694347,664,0,1,664
228,2020-10-05 19:49:16.436773,664,0,2,664
229,2020-10-05 19:57:51.255462,664,0,3,664
230,2020-10-06 00:13:15.992533,664,0,3,664
231,2020-10-06 06:44:20.776857,664,0,1,664
232,2020-10-07 16:45:41.900382,664,0,1,664
233,2020-10-10 02:38:39.740792,664,0,1,664
234,2020-10-10 09:13:23.892753,664,0,1,664
235,2020-10-11 21:51:37.033675,664,0,1,664
236,2020-10-01 00:00:00+00:00,883,0,0,883
237,2020-10-02 08:58:19.992273,883,0,1,883
238,2020-10-04 19:18:07.674644,883,0,1,883
239,2020-10-05 19:42:14.381702,883,0,1,883
240,2020-10-10 22:10:40.097127,883,0,1,883
241,2020-10-11 03:29:56.316287,883,0,1,883
242,2020-10-13 11:42:43.798127,883,0,1,883
243,2020-10-01 00:00:00+00:00,820,0,0,820
244,2020-10-02 22:08:59.696434,820,0,1,820
245,2020-10-03 16:56:17.274965,820,0,1,820
246,2020-10-03 20:35:10.243998,820,0,2,820
247,2020-10-04 10:14:58.775780,820,0,1,820
248,2020-10-04 17:59:32.379324,820,0,1,820
249,2020-10-04 19:50:08.593182,820,0,2,820
250,2020-10-05 10:10:43.522909,820,0,1,820
251,2020-10-07 09:56:23.406594,820,0,1,820
252,2020-10-10 00:27:34.672569,820,0,1,820
253,2020-10-10 01:53:51.267986,820,0,2,820
254,2020-10-10 21:37:26.779520,820,0,1,820
255,2020-10-11 13:54:16.112815,820,0,1,820
256,2020-10-11 15:08:43.903183,820,0,2,820
257,2020-10-12 10:09:05.774415,820,0,1,820
258,2020-10-01 00:00:00+00:00,1101,0,0,1101
259,2020-10-03 21:22:55.237549,1101,0,1,1101
260,2020-10-04 15:09:21.800322,1101,0,1,1101
261,2020-10-04 19:49:44.054104,1101,0,2,1101
262,2020-10-05 06:21:06.342027,1101,0,1,1101
263,2020-10-05 07:57:59.347703,1101,0,2,1101
264,2020-10-09 01:06:36.367866,1101,0,1,1101
265,2020-10-11 13:04:58.387847,1101,0,1,1101
266,2020-10-11 21:23:38.024389,1101,0,1,1101
267,2020-10-01 00:00:00+00:00,706,0,0,706
268,2020-10-03 07:13:10.053485,706,0,1,706
269,2020-10-04 07:13:03.649374,706,0,1,706
270,2020-10-04 22:33:08.352409,706,0,1,706
271,2020-10-05 15:54:02.035722,706,0,1,706
272,2020-10-09 17:33:42.882997,706,0,1,706
273,2020-10-12 19:40:28.823666,706,0,1,706
274,2020-10-01 00:00:00+00:00,932,0,0,932
275,2020-10-04 13:17:00.305367,932,0,1,932
276,2020-10-04 13:45:53.017043,932,0,2,932
277,2020-10-04 19:49:11.609438,932,0,1,932
278,2020-10-06 08:24:14.373782,932,0,1,932
279,2020-10-08 12:09:18.195494,932,0,1,932
280,2020-10-09 22:59:10.442984,932,0,1,932
281,2020-10-11 14:44:42.141780,932,0,1,932
282,2020-10-12 21:09:31.948425,932,0,1,932
283,2020-10-01 00:00:00+00:00,988,0,0,988
284,2020-10-03 19:55:05.784977,988,0,1,988
285,2020-10-03 21:52:20.048977,988,0,2,988
286,2020-10-04 17:59:24.881907,988,0,1,988
287,2020-10-05 16:32:03.304664,988,0,1,988
288,2020-10-09 14:16:49.525249,988,0,1,988
289,2020-10-09 16:50:38.151423,988,0,2,988
290,2020-10-10 09:16:14.693878,988,0,1,988
291,2020-10-10 22:59:41.064883,988,0,1,988
292,2020-10-01 00:00:00+00:00,1268,0,0,1268
293,2020-10-03 17:37:05.530635,1268,0,1,1268
294,2020-10-03 22:30:18.619785,1268,0,2,1268
295,2020-10-04 04:16:19.575722,1268,0,1,1268
296,2020-10-04 15:27:25.635646,1268,0,1,1268
297,2020-10-04 16:15:01.117236,1268,0,2,1268
298,2020-10-04 17:22:43.783540,1268,0,3,1268
299,2020-10-04 17:47:47.070426,1268,0,4,1268
300,2020-10-04 19:33:58.977748,1268,0,5,1268
301,2020-10-04 20:25:58.074041,1268,1,5,1268
302,2020-10-04 21:32:09.575965,1268,1,5,1268
303,2020-10-04 21:59:49.808615,1268,1,5,1268
304,2020-10-05 16:09:35.772330,1268,0,1,1268
305,2020-10-05 18:25:45.564905,1268,0,2,1268
306,2020-10-06 00:17:20.543590,1268,0,1,1268
307,2020-10-07 08:37:30.380112,1268,0,1,1268
308,2020-10-07 19:29:02.092131,1268,0,1,1268
309,2020-10-07 21:52:07.400631,1268,0,2,1268
310,2020-10-08 03:29:09.638620,1268,0,1,1268
311,2020-10-09 00:26:38.288919,1268,0,1,1268
312,2020-10-09 17:15:23.800846,1268,0,1,1268
313,2020-10-09 19:55:24.071184,1268,0,2,1268
314,2020-10-09 22:31:11.263223,1268,0,3,1268
315,2020-10-10 09:20:38.229819,1268,0,1,1268
316,2020-10-10 16:35:20.629303,1268,0,1,1268
317,2020-10-10 20:02:06.742738,1268,0,2,1268
318,2020-10-13 00:25:03.516504,1268,0,1,1268
319,2020-10-01 00:00:00+00:00,649,0,0,649
320,2020-10-03 01:41:48.384243,649,0,1,649
321,2020-10-03 16:15:06.636435,649,0,1,649
322,2020-10-03 22:12:36.297476,649,0,1,649
323,2020-10-06 04:16:40.361513,649,0,1,649
324,2020-10-08 14:05:51.248141,649,0,1,649
325,2020-10-09 09:28:59.417449,649,0,1,649
326,2020-10-10 14:03:24.073772,649,0,1,649
327,2020-10-13 12:00:51.651835,649,0,1,649
328,2020-10-01 00:00:00+00:00,1051,0,0,1051
329,2020-10-12 19:06:31.987829,1051,0,1,1051
330,2020-10-01 00:00:00+00:00,1158,0,0,1158
331,2020-10-04 00:12:15.329213,1158,0,1,1158
332,2020-10-04 02:35:20.526839,1158,0,2,1158
333,2020-10-05 08:01:45.303790,1158,0,1,1158
334,2020-10-05 10:00:47.790477,1158,0,2,1158
335,2020-10-08 17:46:45.668061,1158,0,1,1158
336,2020-10-09 09:26:59.984173,1158,0,1,1158
337,2020-10-11 15:11:34.459610,1158,0,1,1158
338,2020-10-12 08:48:41.217815,1158,0,1,1158
339,2020-10-13 17:22:23.663216,1158,0,1,1158
340,2020-10-01 00:00:00+00:00,546,0,0,546
341,2020-10-09 13:33:42.936448,546,0,1,546
342,2020-10-10 02:47:03.126573,546,0,1,546
343,2020-10-10 09:24:17.190780,546,0,1,546
344,2020-10-10 14:37:09.410442,546,0,1,546
345,2020-10-14 00:49:56.078028,546,0,1,546
346,2020-10-01 00:00:00+00:00,944,0,0,944
347,2020-10-04 21:53:20.076705,944,0,1,944
348,2020-10-05 07:34:57.614664,944,0,1,944
349,2020-10-12 09:02:26.586906,944,0,1,944
350,2020-10-14 12:21:18.491089,944,0,1,944
351,2020-10-01 00:00:00+00:00,1381,0,0,1381
352,2020-10-01 23:32:41.415708,1381,0,1,1381
353,2020-10-02 16:43:56.203559,1381,0,1,1381
354,2020-10-02 23:55:29.185816,1381,0,1,1381
355,2020-10-03 14:07:00.480500,1381,0,1,1381
356,2020-10-03 14:19:41.728134,1381,0,2,1381
357,2020-10-03 20:36:50.259281,1381,0,1,1381
358,2020-10-03 22:53:44.225502,1381,0,2,1381
359,2020-10-04 16:14:36.498376,1381,0,1,1381
360,2020-10-04 19:48:00.261249,1381,0,2,1381
361,2020-10-04 20:29:40.128654,1381,0,3,1381
362,2020-10-05 00:35:29.180113,1381,0,3,1381
363,2020-10-05 19:12:05.077857,1381,0,1,1381
364,2020-10-06 09:17:40.948234,1381,0,1,1381
365,2020-10-06 15:46:09.115648,1381,0,1,1381
366,2020-10-08 12:38:23.551808,1381,0,1,1381
367,2020-10-09 09:49:17.859201,1381,0,1,1381
368,2020-10-09 19:42:55.304560,1381,0,1,1381
369,2020-10-09 22:21:41.605226,1381,0,2,1381
370,2020-10-10 09:38:32.680078,1381,0,1,1381
371,2020-10-10 19:39:04.638712,1381,0,1,1381
372,2020-10-11 02:21:05.673707,1381,0,1,1381
373,2020-10-11 04:15:58.887307,1381,0,2,1381
374,2020-10-13 12:02:44.270934,1381,0,1,1381
375,2020-10-13 14:39:59.355712,1381,0,2,1381
376,2020-10-13 20:56:18.645283,1381,0,1,1381
377,2020-10-14 10:01:56.436319,1381,0,1,1381
378,2020-10-01 00:00:00+00:00,822,0,0,822
379,2020-10-02 10:31:59.432724,822,0,1,822
380,2020-10-03 19:27:30.750975,822,0,1,822
381,2020-10-04 02:44:41.632259,822,0,1,822
382,2020-10-04 14:33:23.813993,822,0,1,822
383,2020-10-04 16:13:42.878372,822,0,2,822
384,2020-10-04 17:31:01.562706,822,0,3,822
385,2020-10-04 18:29:54.321015,822,0,4,822
386,2020-10-09 19:40:32.696274,822,0,1,822
387,2020-10-09 21:38:30.578012,822,0,2,822
388,2020-10-09 23:03:50.722219,822,0,3,822
389,2020-10-10 12:34:14.487180,822,0,1,822
390,2020-10-10 13:08:02.849671,822,0,2,822
391,2020-10-10 16:03:18.128920,822,0,3,822
392,2020-10-10 20:10:05.377912,822,0,2,822
393,2020-10-13 07:49:12.180955,822,0,1,822
394,2020-10-01 00:00:00+00:00,826,0,0,826
395,2020-10-02 08:51:30.589546,826,0,1,826
396,2020-10-03 12:49:29.161131,826,0,1,826
397,2020-10-05 08:09:40.883628,826,0,1,826
398,2020-10-09 15:32:47.568658,826,0,1,826
399,2020-10-01 00:00:00+00:00,483,0,0,483
400,2020-10-04 00:47:37.630551,483,0,1,483
401,2020-10-04 16:19:58.575178,483,0,1,483
402,2020-10-04 16:47:01.875116,483,0,2,483
403,2020-10-05 12:43:02.263033,483,0,1,483
404,2020-10-09 15:20:28.494663,483,0,1,483
405,2020-10-13 09:58:37.852164,483,0,1,483
406,2020-10-14 09:51:47.777471,483,0,1,483
407,2020-10-01 00:00:00+00:00,704,0,0,704
408,2020-10-03 03:00:34.768195,704,0,1,704
409,2020-10-03 11:41:04.934409,704,0,1,704
410,2020-10-03 13:17:00.503967,704,0,2,704
411,2020-10-03 16:55:53.893940,704,0,2,704
412,2020-10-03 17:35:24.830893,704,0,3,704
413,2020-10-03 19:21:21.951623,704,0,3,704
414,2020-10-03 21:52:42.044397,704,0,4,704
415,2020-10-04 02:31:13.972373,704,0,2,704
416,2020-10-04 04:32:41.169679,704,0,2,704
417,2020-10-04 16:55:33.180680,704,0,1,704
418,2020-10-04 17:05:26.361218,704,0,2,704
419,2020-10-04 20:10:26.627269,704,0,3,704
420,2020-10-04 20:49:26.086174,704,0,4,704
421,2020-10-05 00:15:58.095278,704,0,3,704
422,2020-10-05 14:59:04.035058,704,0,1,704
423,2020-10-05 16:51:56.915262,704,0,2,704
424,2020-10-05 20:40:49.619551,704,0,2,704
425,2020-10-06 00:26:11.847818,704,0,2,704
426,2020-10-06 00:38:40.774186,704,0,3,704
427,2020-10-06 01:02:39.990915,704,0,4,704
428,2020-10-06 17:20:00.448427,704,0,1,704
429,2020-10-07 23:17:32.889198,704,0,1,704
430,2020-10-08 18:32:42.048517,704,0,1,704
431,2020-10-09 00:12:21.201465,704,0,1,704
432,2020-10-09 14:55:41.121608,704,0,1,704
433,2020-10-10 02:00:36.215291,704,0,1,704
434,2020-10-10 09:16:33.125119,704,0,1,704
435,2020-10-10 21:56:58.073381,704,0,1,704
436,2020-10-10 22:33:19.314014,704,0,2,704
437,2020-10-11 16:14:22.703821,704,0,1,704
438,2020-10-12 00:58:53.050782,704,0,1,704
439,2020-10-12 16:07:37.106184,704,0,1,704
440,2020-10-12 20:54:39.096775,704,0,2,704
441,2020-10-13 19:47:41.388371,704,0,1,704
442,2020-10-13 21:32:32.778479,704,0,2,704
443,2020-10-13 21:36:45.760838,704,0,3,704
444,2020-10-14 01:21:17.414629,704,0,3,704
445,2020-10-14 10:43:19.063745,704,0,1,704
446,2020-10-01 00:00:00+00:00,767,0,0,767
447,2020-10-03 16:50:38.737533,767,0,1,767
448,2020-10-04 17:11:40.843785,767,0,1,767
449,2020-10-10 16:46:27.701689,767,0,1,767
450,2020-10-01 00:00:00+00:00,1102,0,0,1102
451,2020-10-04 18:28:34.201670,1102,0,1,1102
452,2020-10-04 18:42:27.033822,1102,0,2,1102
453,2020-10-04 20:02:49.560055,1102,0,3,1102
454,2020-10-05 06:42:24.564618,1102,0,1,1102
455,2020-10-05 14:20:49.922895,1102,0,1,1102
456,2020-10-05 17:44:31.401457,1102,0,2,1102
457,2020-10-10 20:48:26.262009,1102,0,1,1102
458,2020-10-12 17:48:36.861643,1102,0,1,1102
459,2020-10-14 00:24:05.523659,1102,0,1,1102
460,2020-10-01 00:00:00+00:00,1157,0,0,1157
461,2020-10-04 17:55:16.197964,1157,0,1,1157
462,2020-10-08 19:37:52.360503,1157,0,1,1157
463,2020-10-09 22:25:24.927107,1157,0,1,1157
464,2020-10-10 19:00:50.165425,1157,0,1,1157
465,2020-10-11 13:14:32.713066,1157,0,1,1157
466,2020-10-01 00:00:00+00:00,995,0,0,995
467,2020-10-04 01:15:03.906772,995,0,1,995
468,2020-10-04 02:33:53.894844,995,0,2,995
469,2020-10-06 09:04:56.163290,995,0,1,995
470,2020-10-08 23:00:19.680801,995,0,1,995
471,2020-10-10 02:17:36.976543,995,0,1,995
472,2020-10-01 00:00:00+00:00,996,0,0,996
473,2020-10-09 07:33:52.896640,996,0,1,996
474,2020-10-09 13:17:21.330204,996,0,1,996
475,2020-10-11 23:14:21.136676,996,0,1,996
476,2020-10-01 00:00:00+00:00,709,0,0,709
477,2020-10-03 16:03:13.635770,709,0,1,709
478,2020-10-04 10:08:33.449331,709,0,1,709
479,2020-10-10 14:30:12.591944,709,0,1,709
480,2020-10-13 12:12:34.335419,709,0,1,709
481,2020-10-13 17:08:34.231105,709,0,2,709
482,2020-10-14 08:03:40.216888,709,0,1,709
483,2020-10-01 00:00:00+00:00,1045,0,0,1045
484,2020-10-02 08:07:40.687936,1045,0,1,1045
485,2020-10-02 23:29:43.714664,1045,0,1,1045
486,2020-10-03 16:59:07.500416,1045,0,1,1045
487,2020-10-04 11:32:07.793143,1045,0,1,1045
488,2020-10-04 14:06:03.045112,1045,0,2,1045
489,2020-10-04 14:44:09.242033,1045,0,3,1045
490,2020-10-04 18:03:18.295678,1045,0,3,1045
491,2020-10-04 19:30:33.466968,1045,0,3,1045
492,2020-10-05 09:34:26.755965,1045,0,1,1045
493,2020-10-05 12:10:00.275361,1045,0,2,1045
494,2020-10-07 00:08:14.333151,1045,0,1,1045
495,2020-10-09 07:56:29.632222,1045,0,1,1045
496,2020-10-09 21:46:59.141788,1045,0,1,1045
497,2020-10-10 10:41:32.641413,1045,0,1,1045
498,2020-10-10 12:59:28.425684,1045,0,2,1045
499,2020-10-11 11:07:40.190011,1045,0,1,1045
500,2020-10-11 15:37:09.670729,1045,0,2,1045
501,2020-10-13 13:16:00.085371,1045,0,1,1045
502,2020-10-13 20:31:49.724466,1045,0,1,1045
503,2020-10-01 00:00:00+00:00,427,0,0,427
504,2020-10-02 22:34:04.369349,427,0,1,427
505,2020-10-03 17:48:36.106287,427,0,1,427
506,2020-10-04 15:47:34.081673,427,0,1,427
507,2020-10-05 00:27:14.820916,427,0,1,427
508,2020-10-06 08:46:27.647289,427,0,1,427
509,2020-10-09 22:11:13.286442,427,0,1,427
510,2020-10-12 09:04:30.273511,427,0,1,427
511,2020-10-13 13:58:38.034643,427,0,1,427
512,2020-10-01 00:00:00+00:00,705,0,0,705
513,2020-10-04 18:12:45.488511,705,0,1,705
514,2020-10-08 11:12:35.123320,705,0,1,705
515,2020-10-08 21:00:47.341284,705,0,1,705
516,2020-10-10 09:35:44.066890,705,0,1,705
517,2020-10-01 00:00:00+00:00,661,0,0,661
518,2020-10-03 11:56:47.280612,661,0,1,661
519,2020-10-04 12:57:56.437616,661,0,1,661
520,2020-10-06 10:17:28.973809,661,0,1,661
521,2020-10-08 14:27:52.881563,661,0,1,661
522,2020-10-08 23:27:11.326446,661,0,1,661
523,2020-10-09 15:00:38.749689,661,0,1,661
524,2020-10-10 11:00:57.334278,661,0,1,661
525,2020-10-11 21:42:02.751767,661,0,1,661
526,2020-10-01 00:00:00+00:00,765,0,0,765
527,2020-10-03 12:35:34.174388,765,0,1,765
528,2020-10-05 01:18:29.887385,765,0,1,765
529,2020-10-05 10:15:44.212484,765,0,1,765
530,2020-10-12 17:18:02.237237,765,0,1,765
531,2020-10-01 00:00:00+00:00,881,0,0,881
532,2020-10-03 12:37:06.819413,881,0,1,881
533,2020-10-04 01:05:48.184431,881,0,1,881
534,2020-10-07 08:02:53.807913,881,0,1,881
535,2020-10-12 19:28:15.491478,881,0,1,881
536,2020-10-01 00:00:00+00:00,605,0,0,605
537,2020-10-02 02:22:32.644060,605,0,1,605
538,2020-10-01 00:00:00+00:00,943,0,0,943
539,2020-10-03 12:26:57.694787,943,0,1,943
540,2020-10-03 21:34:59.267578,943,0,1,943
541,2020-10-04 19:13:33.382727,943,0,1,943
542,2020-10-05 15:50:01.177550,943,0,1,943
543,2020-10-05 16:18:41.445628,943,0,2,943
544,2020-10-10 18:47:31.788143,943,0,1,943
545,2020-10-10 22:23:58.222857,943,0,2,943
546,2020-10-01 00:00:00+00:00,650,0,0,650
547,2020-10-07 10:18:23.763574,650,0,1,650
548,2020-10-10 14:55:47.224436,650,0,1,650
549,2020-10-10 19:21:00.445415,650,0,2,650
550,2020-10-10 20:14:29.453352,650,0,2,650
551,2020-10-01 00:00:00+00:00,1100,0,0,1100
552,2020-10-03 03:44:26.341311,1100,0,1,1100
553,2020-10-03 20:52:42.574519,1100,0,1,1100
554,2020-10-05 09:55:46.460000,1100,0,1,1100
555,2020-10-06 11:08:12.145117,1100,0,1,1100
556,2020-10-07 13:05:07.878973,1100,0,1,1100
557,2020-10-09 10:12:46.731419,1100,0,1,1100
558,2020-10-09 19:38:00.015727,1100,0,1,1100
559,2020-10-09 19:58:59.759327,1100,0,2,1100
560,2020-10-09 21:30:22.480290,1100,0,3,1100
561,2020-10-10 08:55:19.103156,1100,0,1,1100
562,2020-10-10 21:14:25.988500,1100,0,1,1100
563,2020-10-10 23:42:52.998302,1100,0,2,1100
564,2020-10-11 16:13:03.308825,1100,0,1,1100
565,2020-10-13 15:56:38.299634,1100,0,1,1100
566,2020-10-13 21:10:30.304975,1100,0,2,1100
567,2020-10-01 00:00:00+00:00,544,0,0,544
568,2020-10-04 17:13:20.982908,544,0,1,544
569,2020-10-05 14:54:58.841787,544,0,1,544
570,2020-10-06 09:01:31.508287,544,0,1,544
571,2020-10-06 13:44:44.217517,544,0,2,544
572,2020-10-10 22:59:08.298819,544,0,1,544
573,2020-10-11 19:57:37.352881,544,0,1,544
574,2020-10-01 00:00:00+00:00,831,0,0,831
575,2020-10-05 20:13:41.708801,831,0,1,831
576,2020-10-09 08:07:56.373238,831,0,1,831
577,2020-10-09 21:19:15.589983,831,0,1,831
578,2020-10-10 01:19:27.960471,831,0,2,831
579,2020-10-10 16:49:18.790903,831,0,1,831
580,2020-10-11 04:37:24.680779,831,0,1,831
581,2020-10-01 00:00:00+00:00,437,0,0,437
582,2020-10-03 13:36:45.031191,437,0,1,437
583,2020-10-04 16:09:28.975722,437,0,1,437
584,2020-10-04 16:21:38.120797,437,0,2,437
585,2020-10-05 15:49:01.413950,437,0,1,437
586,2020-10-11 02:12:44.672157,437,0,1,437
587,2020-10-01 00:00:00+00:00,492,0,0,492
588,2020-10-06 18:10:19.529620,492,0,1,492
589,2020-10-08 01:07:58.277996,492,0,1,492
590,2020-10-10 12:45:49.548072,492,0,1,492
591,2020-10-11 02:28:02.072294,492,0,1,492
592,2020-10-01 00:00:00+00:00,999,0,0,999
593,2020-10-02 18:58:36.437660,999,0,1,999
594,2020-10-04 20:20:34.722848,999,0,1,999
595,2020-10-04 20:24:43.730231,999,0,2,999
596,2020-10-09 19:40:09.305472,999,0,1,999
597,2020-10-10 14:22:22.865141,999,0,1,999
598,2020-10-10 17:46:02.449527,999,0,2,999
599,2020-10-13 15:56:28.488524,999,0,1,999
600,2020-10-01 00:00:00+00:00,1050,0,0,1050
601,2020-10-01 23:41:10.653900,1050,0,1,1050
602,2020-10-02 19:53:19.384747,1050,0,1,1050
603,2020-10-03 15:39:01.154072,1050,0,1,1050
604,2020-10-04 11:34:14.072221,1050,0,1,1050
605,2020-10-04 20:03:31.927693,1050,0,1,1050
606,2020-10-05 15:49:21.896071,1050,0,1,1050
607,2020-10-07 17:46:17.573137,1050,0,1,1050
608,2020-10-11 18:55:40.654747,1050,0,1,1050
609,2020-10-13 11:06:51.045591,1050,0,1,1050
610,2020-10-13 23:05:30.758393,1050,0,1,1050
611,2020-10-01 00:00:00+00:00,595,0,0,595
612,2020-10-05 13:46:19.307997,595,0,1,595
613,2020-10-07 02:30:32.937834,595,0,1,595
614,2020-10-14 08:10:16.108711,595,0,1,595
615,2020-10-01 00:00:00+00:00,382,0,0,382
616,2020-10-02 13:12:34.372963,382,0,1,382
617,2020-10-03 12:55:22.961737,382,0,1,382
618,2020-10-03 16:07:18.105593,382,0,2,382
619,2020-10-03 22:33:35.694514,382,0,1,382
620,2020-10-04 15:35:37.058667,382,0,1,382
621,2020-10-04 17:59:24.564587,382,0,2,382
622,2020-10-04 18:11:47.128825,382,0,3,382
623,2020-10-04 18:51:04.356341,382,1,3,382
624,2020-10-04 19:08:56.587904,382,2,3,382
625,2020-10-04 20:07:58.866732,382,3,3,382
626,2020-10-04 23:14:36.460311,382,3,3,382
627,2020-10-06 00:32:21.418191,382,0,1,382
628,2020-10-08 10:05:47.850365,382,0,1,382
629,2020-10-09 18:19:38.420228,382,0,1,382
630,2020-10-09 18:52:43.384995,382,0,2,382
631,2020-10-09 21:23:06.105881,382,0,3,382
632,2020-10-09 21:56:40.492293,382,1,3,382
633,2020-10-09 21:56:57.023623,382,2,3,382
634,2020-10-09 22:59:16.130475,382,3,3,382
635,2020-10-10 01:42:51.950706,382,2,3,382
636,2020-10-10 17:04:41.956768,382,0,1,382
637,2020-10-11 03:40:36.968056,382,0,1,382
638,2020-10-11 13:38:48.960745,382,0,1,382
639,2020-10-11 23:30:13.698921,382,0,1,382
640,2020-10-12 16:16:19.902453,382,0,1,382
641,2020-10-12 19:23:43.077649,382,0,2,382
642,2020-10-12 20:36:36.113844,382,0,3,382
643,2020-10-13 18:09:53.763040,382,0,1,382
644,2020-10-13 20:26:15.210398,382,0,2,382
645,2020-10-01 00:00:00+00:00,712,0,0,712
646,2020-10-03 17:42:38.852511,712,0,1,712
647,2020-10-04 17:59:09.382456,712,0,1,712
648,2020-10-08 09:08:16.224293,712,0,1,712
649,2020-10-01 00:00:00+00:00,1000,0,0,1000
650,2020-10-04 14:48:49.816066,1000,0,1,1000
651,2020-10-04 16:50:07.117355,1000,0,2,1000
652,2020-10-04 18:24:12.794498,1000,0,3,1000
653,2020-10-04 19:53:01.225846,1000,1,3,1000
654,2020-10-11 19:38:26.275404,1000,0,1,1000
655,2020-10-13 09:58:04.148020,1000,0,1,1000
656,2020-10-01 00:00:00+00:00,596,0,0,596
657,2020-10-04 11:27:28.339646,596,0,1,596
658,2020-10-05 17:59:06.419800,596,0,1,596
659,2020-10-10 12:29:06.958810,596,0,1,596
660,2020-10-14 09:14:24.189324,596,0,1,596
661,2020-10-01 00:00:00+00:00,379,0,0,379
662,2020-10-04 12:48:13.363799,379,0,1,379
663,2020-10-04 18:49:31.039435,379,0,1,379
664,2020-10-08 19:44:03.200075,379,0,1,379
665,2020-10-09 17:37:57.030893,379,0,1,379
666,2020-10-09 18:28:43.626304,379,0,2,379
667,2020-10-09 19:50:33.033594,379,0,3,379
668,2020-10-09 22:32:46.861636,379,1,3,379
669,2020-10-10 13:48:08.417881,379,0,1,379
670,2020-10-14 15:31:23.570529,379,0,1,379
671,2020-10-01 00:00:00+00:00,315,0,0,315
672,2020-10-02 21:05:16.541377,315,0,1,315
673,2020-10-02 21:15:55.244414,315,0,2,315
674,2020-10-03 09:00:57.552897,315,0,1,315
675,2020-10-04 15:59:06.009859,315,0,1,315
676,2020-10-05 17:04:03.724439,315,0,1,315
677,2020-10-06 21:40:02.639602,315,0,1,315
678,2020-10-09 10:50:43.322313,315,0,1,315
679,2020-10-09 13:15:29.093206,315,0,2,315
680,2020-10-09 16:24:52.997236,315,0,2,315
681,2020-10-09 17:23:53.830879,315,0,3,315
682,2020-10-09 18:29:00.028232,315,0,3,315
683,2020-10-09 21:43:15.140689,315,1,3,315
684,2020-10-09 22:07:50.985174,315,1,3,315
685,2020-10-10 01:24:25.109386,315,0,3,315
686,2020-10-10 14:08:42.418739,315,0,1,315
687,2020-10-11 02:20:04.530503,315,0,1,315
688,2020-10-11 11:20:07.681388,315,0,1,315
689,2020-10-12 00:20:24.394971,315,0,1,315
690,2020-10-12 21:50:30.074335,315,0,1,315
691,2020-10-13 07:39:36.056053,315,0,1,315
692,2020-10-13 19:03:38.584980,315,0,1,315
693,2020-10-13 19:36:13.276661,315,0,2,315
694,2020-10-13 21:30:09.217425,315,0,3,315
695,2020-10-01 00:00:00+00:00,941,0,0,941
696,2020-10-07 18:39:32.754355,941,0,1,941
697,2020-10-09 22:38:42.719208,941,0,1,941
698,2020-10-01 00:00:00+00:00,487,0,0,487
699,2020-10-07 14:37:44.848646,487,0,1,487
700,2020-10-08 16:17:03.661244,487,0,1,487
701,2020-10-08 21:40:01.401382,487,0,1,487
702,2020-10-10 20:42:52.231206,487,0,1,487
703,2020-10-11 12:20:14.228491,487,0,1,487
704,2020-10-01 00:00:00+00:00,824,0,0,824
705,2020-10-02 18:35:33.992815,824,0,1,824
706,2020-10-04 14:11:13.670933,824,0,1,824
707,2020-10-04 17:19:01.558770,824,0,2,824
708,2020-10-05 00:44:25.549120,824,0,1,824
709,2020-10-07 14:43:32.021322,824,0,1,824
710,2020-10-01 00:00:00+00:00,651,0,0,651
711,2020-10-04 14:16:18.756180,651,0,1,651
712,2020-10-04 20:19:04.500570,651,0,1,651
713,2020-10-05 09:27:13.251049,651,0,1,651
714,2020-10-09 21:10:46.388175,651,0,1,651
715,2020-10-12 19:41:59.155430,651,0,1,651
716,2020-10-14 12:02:33.465285,651,0,1,651
717,2020-10-01 00:00:00+00:00,880,0,0,880
718,2020-10-03 22:49:47.593174,880,0,1,880
719,2020-10-04 11:54:47.223160,880,0,1,880
720,2020-10-04 17:52:00.148310,880,0,1,880
721,2020-10-04 20:29:41.610400,880,0,2,880
722,2020-10-07 16:38:05.053192,880,0,1,880
723,2020-10-08 11:21:34.873794,880,0,1,880
724,2020-10-09 15:37:56.807987,880,0,1,880
725,2020-10-09 21:57:00.859190,880,0,1,880
726,2020-10-10 21:22:44.940417,880,0,1,880
727,2020-10-11 17:26:07.389481,880,0,1,880
728,2020-10-13 18:56:58.217922,880,0,1,880
729,2020-10-13 19:50:55.791455,880,0,2,880
730,2020-10-13 22:41:17.466564,880,0,3,880
731,2020-10-14 09:27:01.766770,880,0,1,880
732,2020-10-01 00:00:00+00:00,1216,0,0,1216
733,2020-10-04 12:24:34.893541,1216,0,1,1216
734,2020-10-04 14:57:53.009514,1216,0,2,1216
735,2020-10-06 18:28:27.699379,1216,0,1,1216
736,2020-10-07 12:49:16.211773,1216,0,1,1216
737,2020-10-08 14:03:45.646612,1216,0,1,1216
738,2020-10-09 22:32:55.448133,1216,0,1,1216
739,2020-10-10 18:45:33.398845,1216,0,1,1216
740,2020-10-11 00:44:59.625427,1216,0,1,1216
741,2020-10-13 14:27:37.106802,1216,0,1,1216
742,2020-10-13 18:57:52.806666,1216,0,2,1216
743,2020-10-13 21:22:57.526617,1216,0,2,1216
744,2020-10-01 00:00:00+00:00,882,0,0,882
745,2020-10-04 18:28:15.965598,882,0,1,882
746,2020-10-09 12:35:01.061428,882,0,1,882
747,2020-10-09 21:21:20.590279,882,0,1,882
748,2020-10-13 17:49:02.901111,882,0,1,882
749,2020-10-14 02:51:36.295684,882,0,1,882
750,2020-10-01 00:00:00+00:00,601,0,0,601
751,2020-10-03 03:55:31.537494,601,0,1,601
752,2020-10-12 19:11:22.304644,601,0,1,601
753,2020-10-01 00:00:00+00:00,763,0,0,763
754,2020-10-03 13:56:08.155096,763,0,1,763
755,2020-10-10 17:07:36.520874,763,0,1,763
756,2020-10-11 13:26:55.878513,763,0,1,763
757,2020-10-11 21:03:56.047724,763,0,1,763
758,2020-10-12 16:50:11.136751,763,0,1,763
759,2020-10-01 00:00:00+00:00,477,0,0,477
760,2020-10-02 19:04:13.201414,477,0,1,477
761,2020-10-02 21:23:06.097210,477,0,2,477
762,2020-10-03 14:31:55.937675,477,0,1,477
763,2020-10-03 23:54:41.597167,477,0,1,477
764,2020-10-04 16:17:53.630030,477,0,1,477
765,2020-10-04 18:39:38.920833,477,0,2,477
766,2020-10-04 19:33:47.313228,477,0,3,477
767,2020-10-04 21:48:32.897670,477,0,3,477
768,2020-10-07 20:41:27.908972,477,0,1,477
769,2020-10-07 21:59:22.198006,477,0,2,477
770,2020-10-09 17:59:42.720090,477,0,1,477
771,2020-10-09 18:46:24.035403,477,0,2,477
772,2020-10-09 19:37:11.264994,477,0,3,477
773,2020-10-09 21:50:49.037753,477,1,3,477
774,2020-10-10 01:34:06.109985,477,0,2,477
775,2020-10-10 19:00:23.073400,477,0,1,477
776,2020-10-11 00:09:22.591329,477,0,2,477
777,2020-10-11 10:50:09.851595,477,0,1,477
778,2020-10-11 19:44:57.657106,477,0,1,477
779,2020-10-12 00:29:33.617583,477,0,2,477
780,2020-10-14 08:53:20.704021,477,0,1,477
781,2020-10-14 08:57:16.224192,477,0,2,477
782,2020-10-14 10:16:02.253910,477,0,3,477
783,2020-10-14 15:26:13.672818,477,0,2,477
784,2020-10-01 00:00:00+00:00,600,0,0,600
785,2020-10-02 08:20:03.519133,600,0,1,600
786,2020-10-04 14:37:45.042712,600,0,1,600
787,2020-10-06 09:02:08.535631,600,0,1,600
788,2020-10-09 21:54:35.684220,600,0,1,600
789,2020-10-10 12:37:29.157882,600,0,1,600
790,2020-10-10 15:11:45.745618,600,0,2,600
791,2020-10-10 15:12:59.874458,600,0,3,600
792,2020-10-13 17:47:53.829423,600,0,1,600
793,2020-10-01 00:00:00+00:00,1659,0,0,1659
794,2020-10-01 23:16:24.119256,1659,0,1,1659
795,2020-10-02 21:35:20.803768,1659,0,1,1659
796,2020-10-03 00:35:01.173864,1659,0,2,1659
797,2020-10-03 08:51:00.015293,1659,0,1,1659
798,2020-10-03 11:14:55.716637,1659,0,2,1659
799,2020-10-03 12:11:33.384097,1659,0,3,1659
800,2020-10-03 13:02:45.772773,1659,1,3,1659
801,2020-10-03 14:57:38.100192,1659,1,3,1659
802,2020-10-03 15:17:53.992702,1659,2,3,1659
803,2020-10-03 18:30:20.075415,1659,1,3,1659
804,2020-10-03 18:38:27.649453,1659,2,3,1659
805,2020-10-03 19:54:32.769456,1659,2,3,1659
806,2020-10-03 20:19:54.305263,1659,3,3,1659
807,2020-10-03 20:39:47.770181,1659,4,3,1659
808,2020-10-03 21:07:09.558432,1659,5,3,1659
809,2020-10-03 21:43:21.692411,1659,6,3,1659
810,2020-10-04 01:11:48.665541,1659,4,3,1659
811,2020-10-04 02:59:57.583699,1659,5,3,1659
812,2020-10-04 09:59:33.767197,1659,1,3,1659
813,2020-10-04 12:42:00.177496,1659,1,3,1659
814,2020-10-04 13:22:04.225005,1659,2,3,1659
815,2020-10-04 15:35:27.827988,1659,1,3,1659
816,2020-10-04 15:49:08.881455,1659,2,3,1659
817,2020-10-04 21:47:39.207255,1659,0,2,1659
818,2020-10-05 16:46:35.718556,1659,0,1,1659
819,2020-10-05 18:49:13.245268,1659,0,2,1659
820,2020-10-06 01:19:40.407718,1659,0,1,1659
821,2020-10-06 06:49:04.730353,1659,0,1,1659
822,2020-10-06 08:32:26.258125,1659,0,2,1659
823,2020-10-06 17:56:22.965543,1659,0,1,1659
824,2020-10-06 19:08:32.737068,1659,0,2,1659
825,2020-10-07 22:04:01.156608,1659,0,1,1659
826,2020-10-08 09:20:29.286381,1659,0,1,1659
827,2020-10-08 19:41:14.489869,1659,0,1,1659
828,2020-10-09 01:09:06.362492,1659,0,1,1659
829,2020-10-09 08:34:20.574189,1659,0,1,1659
830,2020-10-09 08:56:11.890459,1659,0,2,1659
831,2020-10-09 09:20:43.518474,1659,0,3,1659
832,2020-10-09 11:32:05.638155,1659,1,3,1659
833,2020-10-09 13:38:47.822279,1659,2,3,1659
834,2020-10-09 14:44:40.559078,1659,0,3,1659
835,2020-10-09 17:58:18.282155,1659,1,3,1659
836,2020-10-09 19:44:34.547480,1659,1,3,1659
837,2020-10-10 00:01:49.206007,1659,0,3,1659
838,2020-10-10 02:13:42.634250,1659,0,2,1659
839,2020-10-10 11:59:06.836996,1659,0,1,1659
840,2020-10-10 15:00:24.800915,1659,0,2,1659
841,2020-10-10 17:09:44.345212,1659,0,3,1659
842,2020-10-10 19:56:52.060575,1659,0,3,1659
843,2020-10-10 23:13:44.559470,1659,0,2,1659
844,2020-10-11 03:40:24.561894,1659,0,2,1659
845,2020-10-11 18:25:13.110360,1659,0,1,1659
846,2020-10-11 19:02:17.196512,1659,0,2,1659
847,2020-10-11 21:21:24.022418,1659,0,3,1659
848,2020-10-11 21:40:54.562240,1659,1,3,1659
849,2020-10-12 00:06:23.394568,1659,1,3,1659
850,2020-10-12 20:46:05.657712,1659,0,1,1659
851,2020-10-13 01:12:37.925237,1659,0,2,1659
852,2020-10-13 09:21:01.173124,1659,0,1,1659
853,2020-10-13 09:40:32.438125,1659,0,2,1659
854,2020-10-13 17:19:18.327180,1659,0,1,1659
855,2020-10-13 17:32:29.092335,1659,0,2,1659
856,2020-10-13 21:17:17.197007,1659,0,3,1659
857,2020-10-13 21:38:29.086745,1659,1,3,1659
858,2020-10-13 23:45:49.098053,1659,0,3,1659
859,2020-10-14 08:19:51.465561,1659,0,1,1659
860,2020-10-14 08:25:55.694613,1659,0,2,1659
861,2020-10-14 11:38:27.062871,1659,0,3,1659
862,2020-10-14 15:48:10.292521,1659,0,2,1659
863,2020-10-01 00:00:00+00:00,884,0,0,884
864,2020-10-04 17:04:24.226528,884,0,1,884
865,2020-10-04 20:22:35.809137,884,0,2,884
866,2020-10-12 01:13:50.314736,884,0,1,884
867,2020-10-13 23:18:48.966657,884,0,1,884
868,2020-10-01 00:00:00+00:00,657,0,0,657
869,2020-10-13 23:39:38.054509,657,0,1,657
870,2020-10-01 00:00:00+00:00,663,0,0,663
871,2020-10-04 11:30:59.895308,663,0,1,663
872,2020-10-05 01:41:45.410256,663,0,1,663
873,2020-10-05 17:16:26.559310,663,0,1,663
874,2020-10-10 13:38:35.109800,663,0,1,663
875,2020-10-01 00:00:00+00:00,535,0,0,535
876,2020-10-02 10:51:44.670443,535,0,1,535
877,2020-10-04 19:36:41.609654,535,0,1,535
878,2020-10-07 17:05:19.320882,535,0,1,535
879,2020-10-10 13:28:27.505421,535,0,1,535
880,2020-10-10 22:02:07.053043,535,0,1,535
881,2020-10-11 02:53:12.800996,535,0,2,535
882,2020-10-11 16:26:13.124817,535,0,1,535
883,2020-10-12 15:13:25.121708,535,0,1,535
884,2020-10-14 14:41:26.793748,535,0,1,535
885,2020-10-01 00:00:00+00:00,1052,0,0,1052
886,2020-10-02 23:18:47.683877,1052,0,1,1052
887,2020-10-06 20:40:26.792757,1052,0,1,1052
888,2020-10-09 14:53:14.681224,1052,0,1,1052
889,2020-10-09 19:50:18.518517,1052,0,2,1052
890,2020-10-10 00:31:05.696071,1052,0,2,1052
891,2020-10-01 00:00:00+00:00,653,0,0,653
892,2020-10-04 17:33:07.085967,653,0,1,653
893,2020-10-04 18:15:04.583672,653,0,2,653
894,2020-10-01 00:00:00+00:00,1397,0,0,1397
895,2020-10-02 01:31:34.818086,1397,0,1,1397
896,2020-10-02 03:23:00.868056,1397,0,2,1397
897,2020-10-03 02:46:52.711578,1397,0,1,1397
898,2020-10-03 02:58:40.651317,1397,0,2,1397
899,2020-10-04 02:16:23.197430,1397,0,1,1397
900,2020-10-04 15:14:42.327526,1397,0,1,1397
901,2020-10-09 20:37:25.878444,1397,0,1,1397
902,2020-10-10 18:05:59.287908,1397,0,1,1397
903,2020-10-13 18:44:33.412481,1397,0,1,1397
904,2020-10-14 13:03:39.559610,1397,0,1,1397
905,2020-10-14 15:38:39.833054,1397,0,2,1397
906,2020-10-01 00:00:00+00:00,1223,0,0,1223
907,2020-10-03 12:36:14.305340,1223,0,1,1223
908,2020-10-04 14:12:32.970870,1223,0,1,1223
909,2020-10-06 15:37:26.254299,1223,0,1,1223
910,2020-10-09 00:18:52.782151,1223,0,1,1223
911,2020-10-09 03:40:51.280114,1223,0,2,1223
912,2020-10-09 21:49:52.057482,1223,0,1,1223
913,2020-10-10 00:32:22.440957,1223,0,2,1223
914,2020-10-12 13:31:39.761106,1223,0,1,1223
915,2020-10-13 20:04:25.444566,1223,0,1,1223
916,2020-10-01 00:00:00+00:00,540,0,0,540
917,2020-10-05 21:39:18.520829,540,0,1,540
918,2020-10-09 13:35:27.022357,540,0,1,540
919,2020-10-11 15:27:19.548226,540,0,1,540
920,2020-10-01 00:00:00+00:00,316,0,0,316
921,2020-10-03 18:31:39.143155,316,0,1,316
922,2020-10-03 23:44:41.275385,316,0,1,316
923,2020-10-05 19:27:21.980201,316,0,1,316
924,2020-10-06 20:56:41.291367,316,0,1,316
925,2020-10-12 10:21:08.130653,316,0,1,316
926,2020-10-01 00:00:00+00:00,1164,0,0,1164
927,2020-10-03 12:59:12.357280,1164,0,1,1164
928,2020-10-04 01:47:12.288239,1164,0,1,1164
929,2020-10-04 16:38:43.831214,1164,0,1,1164
930,2020-10-04 16:50:54.855131,1164,0,2,1164
931,2020-10-07 16:45:18.963352,1164,0,1,1164
932,2020-10-09 05:48:00.108129,1164,0,1,1164
933,2020-10-10 22:54:49.796759,1164,0,1,1164
934,2020-10-13 20:52:14.842042,1164,0,1,1164
935,2020-10-01 00:00:00+00:00,602,0,0,602
936,2020-10-04 20:12:30.350439,602,0,1,602
937,2020-10-05 13:17:16.505772,602,0,1,602
938,2020-10-06 09:02:31.877702,602,0,1,602
939,2020-10-10 23:32:45.478112,602,0,1,602
940,2020-10-12 09:27:59.284248,602,0,1,602
941,2020-10-01 00:00:00+00:00,764,0,0,764
942,2020-10-10 13:34:31.393503,764,0,1,764
943,2020-10-11 16:01:34.710793,764,0,1,764
944,2020-10-01 00:00:00+00:00,1156,0,0,1156
945,2020-10-02 08:36:57.501904,1156,0,1,1156
946,2020-10-03 22:42:14.581104,1156,0,1,1156
947,2020-10-04 06:19:55.832482,1156,0,1,1156
948,2020-10-04 10:39:28.489946,1156,0,2,1156
949,2020-10-04 12:03:39.232047,1156,0,2,1156
950,2020-10-04 14:12:45.547718,1156,0,3,1156
951,2020-10-04 14:28:21.593821,1156,1,3,1156
952,2020-10-04 19:53:08.170480,1156,0,2,1156
953,2020-10-10 03:35:06.567709,1156,0,1,1156
954,2020-10-10 03:35:35.133516,1156,0,2,1156
955,2020-10-10 23:27:49.662130,1156,0,1,1156
956,2020-10-12 17:08:27.637870,1156,0,1,1156
957,2020-10-12 20:26:12.598927,1156,0,2,1156
958,2020-10-13 14:02:02.607251,1156,0,1,1156
959,2020-10-13 18:49:23.375955,1156,0,2,1156
960,2020-10-01 00:00:00+00:00,1108,0,0,1108
961,2020-10-04 17:43:17.319833,1108,0,1,1108
962,2020-10-04 19:05:19.707961,1108,0,2,1108
963,2020-10-05 00:41:13.855229,1108,0,1,1108
964,2020-10-10 14:24:23.341211,1108,0,1,1108
965,2020-10-10 20:58:37.490564,1108,0,1,1108
966,2020-10-12 10:23:39.079368,1108,0,1,1108
967,2020-10-01 00:00:00+00:00,652,0,0,652
968,2020-10-03 10:06:25.348504,652,0,1,652
969,2020-10-04 11:59:29.195505,652,0,1,652
970,2020-10-04 19:38:27.700642,652,0,1,652
971,2020-10-01 00:00:00+00:00,364,0,0,364
972,2020-10-03 14:50:09.773575,364,0,1,364
973,2020-10-03 20:06:33.847544,364,0,1,364
974,2020-10-03 22:16:37.316615,364,0,2,364
975,2020-10-04 18:23:43.023788,364,0,1,364
976,2020-10-04 22:25:19.245324,364,0,2,364
977,2020-10-04 23:32:11.290328,364,1,2,364
978,2020-10-05 13:59:40.305366,364,0,1,364
979,2020-10-06 08:29:24.880887,364,0,1,364
980,2020-10-06 20:23:17.289354,364,0,1,364
981,2020-10-09 00:05:28.530197,364,0,1,364
982,2020-10-10 00:51:02.547650,364,0,1,364
983,2020-10-11 20:46:34.650109,364,0,1,364
984,2020-10-12 01:30:47.611565,364,0,2,364
985,2020-10-14 00:27:13.227889,364,0,1,364
986,2020-10-14 00:51:21.029240,364,0,2,364
987,2020-10-01 00:00:00+00:00,204,0,0,204
988,2020-10-03 14:22:48.759201,204,0,1,204
989,2020-10-03 21:25:21.621493,204,0,1,204
990,2020-10-04 17:37:58.015163,204,0,1,204
991,2020-10-04 19:55:06.447867,204,0,2,204
992,2020-10-04 19:56:18.725562,204,1,2,204
993,2020-10-04 23:01:08.854230,204,2,2,204
994,2020-10-05 08:13:15.890326,204,0,1,204
995,2020-10-05 12:40:26.663836,204,0,2,204
996,2020-10-05 19:28:56.580506,204,0,1,204
997,2020-10-06 18:40:48.892134,204,0,1,204
998,2020-10-06 21:45:01.399101,204,0,2,204
999,2020-10-07 22:09:16.738658,204,0,1,204
1000,2020-10-09 11:43:43.618104,204,0,1,204
1001,2020-10-09 15:59:03.178079,204,0,2,204
1002,2020-10-09 16:56:44.207027,204,1,2,204
1003,2020-10-09 23:12:42.591894,204,0,1,204
1004,2020-10-09 23:37:47.049191,204,0,2,204
1005,2020-10-10 11:19:25.504327,204,0,1,204
1006,2020-10-12 08:32:05.925945,204,0,1,204
1007,2020-10-12 15:44:47.284420,204,0,1,204
1008,2020-10-12 18:56:21.430594,204,0,2,204
1009,2020-10-13 01:57:22.514622,204,0,1,204
1010,2020-10-13 09:50:39.871429,204,0,1,204
1011,2020-10-13 17:07:28.105892,204,0,1,204
1012,2020-10-01 00:00:00+00:00,486,0,0,486
1013,2020-10-04 18:01:49.918748,486,0,1,486
1014,2020-10-06 17:38:06.408817,486,0,1,486
1015,2020-10-14 12:05:56.893505,486,0,1,486
1016,2020-10-01 00:00:00+00:00,549,0,0,549
1017,2020-10-01 21:12:09.651042,549,0,1,549
1018,2020-10-03 20:06:54.840947,549,0,1,549
1019,2020-10-04 17:56:39.447923,549,0,1,549
1020,2020-10-04 19:58:21.121475,549,0,2,549
1021,2020-10-10 00:27:20.929438,549,0,1,549
1022,2020-10-11 21:52:23.948101,549,0,1,549
1023,2020-10-14 00:03:56.228361,549,0,1,549
1024,2020-10-14 09:11:13.085188,549,0,1,549
1025,2020-10-01 00:00:00+00:00,269,0,0,269
1026,2020-10-01 22:00:22.806498,269,0,1,269
1027,2020-10-03 00:13:56.048630,269,0,1,269
1028,2020-10-03 02:17:16.024324,269,0,2,269
1029,2020-10-03 15:09:47.338143,269,0,1,269
1030,2020-10-03 16:40:04.893711,269,0,2,269
1031,2020-10-03 21:52:10.589537,269,0,2,269
1032,2020-10-03 22:08:26.174477,269,0,2,269
1033,2020-10-04 02:00:09.993299,269,1,2,269
1034,2020-10-04 02:41:02.263092,269,2,2,269
1035,2020-10-04 13:49:34.602733,269,0,1,269
1036,2020-10-04 15:33:01.150081,269,0,2,269
1037,2020-10-04 20:06:48.299822,269,0,2,269
1038,2020-10-04 23:05:08.729370,269,0,2,269
1039,2020-10-05 00:10:35.277418,269,1,2,269
1040,2020-10-05 08:59:34.709204,269,0,1,269
1041,2020-10-05 10:35:36.927422,269,0,2,269
1042,2020-10-05 15:30:02.808124,269,0,2,269
1043,2020-10-05 18:48:38.842620,269,0,2,269
1044,2020-10-05 20:01:02.173416,269,1,2,269
1045,2020-10-06 03:43:39.170030,269,0,1,269
1046,2020-10-06 13:03:51.077507,269,0,1,269
1047,2020-10-06 16:15:50.855357,269,0,2,269
1048,2020-10-07 16:45:33.434686,269,0,1,269
1049,2020-10-07 19:22:07.014816,269,0,2,269
1050,2020-10-08 19:02:06.145236,269,0,1,269
1051,2020-10-08 21:26:54.568447,269,0,2,269
1052,2020-10-09 08:42:45.892008,269,0,1,269
1053,2020-10-09 17:00:22.744245,269,0,1,269
1054,2020-10-09 20:05:47.089320,269,0,2,269
1055,2020-10-09 20:06:18.594375,269,1,2,269
1056,2020-10-09 20:46:03.835610,269,2,2,269
1057,2020-10-09 21:06:42.196736,269,3,2,269
1058,2020-10-09 23:46:45.882526,269,3,2,269
1059,2020-10-10 01:48:19.903962,269,3,2,269
1060,2020-10-10 11:04:56.955155,269,1,2,269
1061,2020-10-10 11:39:36.473866,269,2,2,269
1062,2020-10-10 16:16:38.868107,269,1,2,269
1063,2020-10-10 18:38:35.366995,269,1,2,269
1064,2020-10-11 03:46:10.540672,269,0,1,269
1065,2020-10-11 14:16:47.079488,269,0,1,269
1066,2020-10-11 17:21:32.821038,269,0,2,269
1067,2020-10-13 12:18:36.838272,269,0,1,269
1068,2020-10-14 01:16:28.980190,269,0,1,269
