,engine_type,year_energymix,vehicles_config_mode,vehicles_initial_placement,vehicle_model_name,n_vehicles,stations_config_mode,distributed_cps,system_cps,profile_type,charging_config_mode,cps_placement_policy,tot_n_charging_poles,n_charging_zones,charging_strategy,charging_relocation_strategy,queuing,n_workers,alpha_policy,beta,battery_swap,avg_reach_time,avg_service_time,relocation,relocation_strategy,relocation_technique,n_relocation_workers,avg_relocation_speed,relocation_capacity,relocation_profitability_check,relocation_vehicle_consumption,diesel_price,unlock_fee,rent_fee,avg_relocation_distance,avg_trip_duration,cps_zones_percentage,city,data_source_id,city_scenario_folder,alpha,n_vehicles_sim,sim_duration,tot_potential_charging_energy,n_same_zone_trips,n_not_same_zone_trips,n_no_close_vehicles,n_deaths,n_booking_reqs,n_bookings,n_unsatisfied,fraction_satisfied,fraction_unsatisfied,fraction_same_zone_trips,fraction_not_same_zone_trips,fraction_no_close_vehicles,fraction_not_enough_energy,fraction_same_zone_trips_satisfied,fraction_not_same_zone_trips_satisfied,fraction_no_close_vehicles_unsatisfied,fraction_deaths_unsatisfied,n_charges,tot_mobility_distance,tot_mobility_duration,cum_relo_ret_t,min_vehicles_relocated,max_vehicles_relocated,avg_relocation_step_distance,tot_vehicles_moved,n_charging_requests_system,n_charges_system,n_charges_users,n_charge_deaths,fraction_charge_deaths,soc_avg,soc_med,charging_time_avg,charging_time_med,n_charges_by_vehicle_avg,n_charges_by_vehicle_system_avg,n_charges_by_vehicle_users_avg,tot_potential_mobility_distance,tot_potential_mobility_duration,tot_potential_welltotank_energy,tot_potential_tanktowheel_energy,tot_potential_mobility_energy,tot_potential_welltotank_co2_emissions,tot_potential_welltowheel_co2_emissions,tot_potential_co2_emissions_kg,tot_welltotank_energy,tot_tanktowheel_energy,tot_mobility_energy,tot_welltotank_co2_emissions,tot_tanktowheel_co2_emissions,tot_co2_emissions_kg,tot_charging_energy,tot_charging_return_distance,fraction_charges_system,fraction_energy_system,fraction_duration_system,fraction_charges_users,fraction_energy_users,fraction_duration_users,charging_duration_avg,charging_energy_event_avg,charging_energy_event_max,charging_energy_event_med,cum_relo_out_t,cum_relo_t,cum_relo_khw,avg_hourly_relo_t,max_driving_distance,percentage_satisfied,percentage_unsatisfied,percentage_same_zone_trips,percentage_not_same_zone_trips,percentage_no_close_vehicles,percentage_not_enough_energy,percentage_same_zone_trips_satisfied,percentage_not_same_zone_trips_satisfied,percentage_no_close_vehicles_unsatisfied,percentage_deaths_unsatisfied,percentage_charge_deaths,percentage_charges_system,percentage_energy_system,percentage_duration_system,percentage_charges_users,percentage_energy_users,percentage_duration_users,cars_cost,charging_infrastructure_cost,scenario_cost,relocation_cost,energy_cost,revenues,washing_cost,sim_cost,profit
0,electric,2020,sim_config,random_greedy,Fiat 500e 2020,20,sim_config,True,True,single_phase_2,sim_config,num_parkings,400,100,reactive,closest_queueing,True,1,auto,100,False,0,0,False,,frozenset(),1,20,1,False,7,0.65,1,0.15,1,10,0.0019157088122605363,Roma,enjoy,default,21.31273069411744,20,5270400.0,2166720.0,1208,3008,25273,0,29489,4216,25273,0.14296856454949303,0.857031435450507,0.04096442741361186,0.10200413713588118,0.857031435450507,0.0,0.286527514231499,0.713472485768501,1.0,0.0,158,25214589.08519696,7258651.595125,12849.92578341662,inf,-inf,NA,0,158,0,0,0,0.0,61.71133366646832,61.84274121267697,5.2311641540675895,5.17420630770506,7.9,7.9,0,174653176.19028413,52182532.62708,6031.829596358478,4754.6147767885495,10786.444373147027,2381.6469381513607,0.0,2381.6469381513607,6031.829596358478,4754.6147767885495,10786.444373147027,2381.6469381513607,0.0,2381.6469381513607,4760.777873333834,133016.57797991426,1.0,0.9999999999999998,1.0,0,0,0,18832.190954643323,30.131505527429326,35.25170375499448,29.803428332381145,0.0,12849.92578341662,25.273908033424703,535.4135743090259,41883.47752455863,14.296856454949303,85.7031435450507,4.0964427413611855,10.200413713588118,85.7031435450507,0.0,28.6527514231499,71.34724857685009,100.0,0.0,0.0,100.0,99.99999999999997,100.0,0,0,0,6666.666666666667,16843.133333333335,23509.800000000003,82.09674806071729,434.8491431271194,31454.156912208335,832.16,1349.1058911878367,6595.251021020495
1,electric,2020,sim_config,random_greedy,Fiat 500e 2020,40,sim_config,True,True,single_phase_2,sim_config,num_parkings,400,100,reactive,closest_queueing,True,1,auto,100,False,0,0,False,,frozenset(),1,20,1,False,7,0.65,1,0.15,1,10,0.0019157088122605363,Roma,enjoy,default,21.31273069411744,40,5270400.0,2166720.0,2454,5314,21721,0,29489,7768,21721,0.26342025840143785,0.7365797415985622,0.0832174709213605,0.18020278748007731,0.7365797415985622,0.0,0.3159114315139032,0.6840885684860968,1.0,0.0,297,46866842.747832686,13566750.610562,26241.260591316495,inf,-inf,NA,0,297,0,0,0,0.0,61.49856572061888,61.10595577431236,5.254483562007087,5.216677385421392,7.425,7.425,0,174653176.19028413,52182532.62708,11220.34327365983,8844.48227148035,20064.825545140182,4430.313518613362,0.0,4430.313518613362,11220.34327365983,8844.482271480352,20064.82554514018,4430.313518613362,0.0,4430.313518613362,8988.950119196765,271637.57554465946,1.0,1.0000000000000002,1.0000000000000002,0,0,0,18916.140823225513,30.265825317160825,36.26653910370344,30.04806174002722,0.0,26241.260591316495,51.61268773411733,1093.3858579715206,41883.47752455863,26.342025840143783,73.65797415985622,8.32174709213605,18.02027874800773,73.65797415985622,0.0,31.591143151390323,68.40885684860967,100.0,0.0,0.0,100.0,100.00000000000003,100.00000000000003,0,0,0,13333.333333333334,16843.133333333335,30176.466666666667,167.65249822229984,808.9016077458072,58789.25264576867,1562.68,2539.234105968107,26073.551873133896
2,electric,2020,sim_config,random_greedy,Fiat 500e 2020,60,sim_config,True,True,single_phase_2,sim_config,num_parkings,400,100,reactive,closest_queueing,True,1,auto,100,False,0,0,False,,frozenset(),1,20,1,False,7,0.65,1,0.15,1,10,0.0019157088122605363,Roma,enjoy,default,21.31273069411744,60,5270400.0,2166720.0,3755,7255,18479,0,29489,11010,18479,0.373359557801214,0.626640442198786,0.12733561667062293,0.24602394113059106,0.626640442198786,0.0,0.3410535876475931,0.6589464123524069,1.0,0.0,417,65773474.67922964,19223119.221478,33034.943980287484,inf,-inf,NA,0,417,0,0,0,0.0,61.84424643098177,62.09725095779295,5.258120387122704,5.202793696886867,6.95,6.95,0,174653176.19028413,52182532.62708,15767.640288174187,12428.908063732371,28196.548351906553,6225.797929847598,0.0,6225.797929847598,15767.640288174185,12428.908063732371,28196.548351906556,6225.797929847598,0.0,6225.797929847598,12629.58452023777,341962.69115319755,1.0,1.0,1.0000000000000002,0,0,0,18929.233393641734,30.286773429826784,35.84390362299217,29.968091694068363,0.0,33034.943980287484,64.97486056492448,1376.4559991786452,41883.47752455863,37.3359557801214,62.6640442198786,12.733561667062293,24.602394113059106,62.6640442198786,0.0,34.10535876475931,65.8946412352407,100.0,0.0,0.0,100.0,100.0,100.00000000000003,0,0,0,20000.0,16843.133333333335,36843.13333333333,211.0565865407256,1136.72721666219,83300.18329307133,2195.1,3542.8838032029153,42914.16615653508
3,electric,2020,sim_config,random_greedy,Fiat 500e 2020,80,sim_config,True,True,single_phase_2,sim_config,num_parkings,400,100,reactive,closest_queueing,True,1,auto,100,False,0,0,False,,frozenset(),1,20,1,False,7,0.65,1,0.15,1,10,0.0019157088122605363,Roma,enjoy,default,21.31273069411744,80,5270400.0,2166720.0,5011,8642,15836,0,29489,13653,15836,0.4629861982434128,0.5370138017565872,0.16992776967682865,0.29305842856658415,0.5370138017565872,0.0,0.36702556214751336,0.6329744378524866,1.0,0.0,514,81656387.13858804,23870225.07258,44496.07171643111,inf,-inf,NA,0,514,0,0,0,0.0,61.87170089258881,62.13465354325254,5.2505876804381995,5.207930496598913,6.425,6.425,0,174653176.19028413,52182532.62708,19580.626657560322,15434.510434615264,35015.13709217559,7731.3423366962,0.0,7731.3423366962,19580.626657560322,15434.510434615266,35015.13709217559,7731.3423366962,0.0,7731.3423366962,15545.09991021255,460603.06440889096,1.0,1.0,1.0,0,0,0,18902.115649577518,30.24338503932403,35.25934255739021,29.997679660409744,0.0,44496.07171643111,87.51720775392191,1854.0029881846297,41883.47752455863,46.29861982434128,53.70138017565872,16.992776967682865,29.305842856658415,53.70138017565872,0.0,36.70255621475134,63.29744378524866,100.0,0.0,0.0,100.0,100.0,100.0,0,0,0,26666.666666666668,16843.133333333335,43509.8,284.2804581883099,1411.6146001658547,103437.64198118,2706.53,4402.425058354165,55525.41692282583
4,electric,2020,sim_config,random_greedy,Fiat 500e 2020,100,sim_config,True,True,single_phase_2,sim_config,num_parkings,400,100,reactive,closest_queueing,True,1,auto,100,False,0,0,False,,frozenset(),1,20,1,False,7,0.65,1,0.15,1,10,0.0019157088122605363,Roma,enjoy,default,21.31273069411744,100,5270400.0,2166720.0,6201,9659,13629,0,29489,15860,13629,0.5378276645528841,0.4621723354471159,0.2102817999932178,0.32754586455966633,0.4621723354471159,0.0,0.3909836065573771,0.6090163934426229,1.0,0.0,599,95327055.7261864,27855638.061408,48248.18631778348,inf,-inf,NA,0,599,0,0,0,0.0,61.937183631876216,62.056654658830396,5.260687197990753,5.205559655518427,5.99,5.99,0,174653176.19028413,52182532.62708,22860.036996998293,18019.519279768694,40879.55627676698,9026.206103832397,0.0,9026.206103832397,22860.036996998293,18019.519279768694,40879.55627676699,9026.206103832397,0.0,9026.206103832397,18150.633397995618,499443.2455019578,1.0,1.0,1.0000000000000002,0,0,0,18938.47391276671,30.30155826042674,35.50196663367416,29.984023615786146,0.0,48248.18631778348,94.8970635572786,2010.3410965743121,41883.47752455863,53.78276645528841,46.21723354471159,21.02817999932178,32.75458645596663,46.21723354471159,0.0,39.09836065573771,60.90163934426229,100.0,0.0,0.0,100.0,100.0,100.00000000000003,0,0,0,33333.333333333336,16843.133333333335,50176.466666666674,308.2523014747278,1648.0352007955119,120707.76493276798,3153.6,5109.88750227024,65421.41076383107
5,electric,2020,sim_config,random_greedy,Fiat 500e 2020,120,sim_config,True,True,single_phase_2,sim_config,num_parkings,400,100,reactive,closest_queueing,True,1,auto,100,False,0,0,False,,frozenset(),1,20,1,False,7,0.65,1,0.15,1,10,0.0019157088122605363,Roma,enjoy,default,21.31273069411744,120,5270400.0,2166720.0,7479,10542,11468,0,29489,18021,11468,0.611109227169453,0.38889077283054696,0.253619993896029,0.35748923327342397,0.38889077283054696,0.0,0.41501581488263695,0.584984185117363,1.0,0.0,668,106875303.50456823,31577908.49061,55381.85513403388,inf,-inf,NA,0,668,0,0,0,0.0,61.527712303957045,61.45883716374577,5.246380299041228,5.200592636352798,5.566666666666666,5.566666666666666,0,174653176.19028413,52182532.62708,25647.591365105924,20216.82060898853,45864.41197409446,10126.862251304148,0.0,10126.862251304148,25647.591365105927,20216.82060898853,45864.411974094466,10126.862251304146,0.0,10126.862251304146,20186.392549014956,573287.7353747503,1.0,0.9999999999999998,1.0,0,0,0,18886.96907654842,30.219150522477477,36.12856181751697,29.955413585392122,0.0,55381.85513403388,108.92793755932937,2307.577297251412,41883.47752455863,61.1109227169453,38.8890772830547,25.3619993896029,35.748923327342396,38.8890772830547,0.0,41.501581488263696,58.498418511736304,100.0,0.0,0.0,100.0,99.99999999999997,100.0,0,0,0,40000.0,16843.133333333335,56843.13333333333,353.8285189118831,1848.9967181970762,136837.60345931,3520.21,5723.035237108959,74271.4348888677
6,electric,2020,sim_config,random_greedy,Fiat 500e 2020,140,sim_config,True,True,single_phase_2,sim_config,num_parkings,400,100,reactive,closest_queueing,True,1,auto,100,False,0,0,False,,frozenset(),1,20,1,False,7,0.65,1,0.15,1,10,0.0019157088122605363,Roma,enjoy,default,21.31273069411744,140,5270400.0,2166720.0,8669,10986,9834,0,29489,19655,9834,0.6665197192173353,0.3334802807826647,0.2939740242124182,0.3725456950049171,0.33348028078266473,0.0,0.44105825489697276,0.5589417451030272,1.0,0.0,725,116476100.97982974,34552825.873889,61054.88962681273,inf,-inf,NA,0,725,0,0,0,0.0,61.83513531598807,61.657282250820735,5.250272042752229,5.2077121723551825,5.178571428571429,5.178571428571429,0,174653176.19028413,52182532.62708,27935.641899515238,22020.385962941695,49956.02786245693,11030.291047253784,0.0,11030.291047253784,27935.641899515234,22020.38596294169,49956.02786245693,11030.291047253784,0.0,11030.291047253784,21925.136050533307,632012.4041168314,1.0,1.0000000000000002,1.0,0,0,0,18900.979353908024,30.241566966252837,36.9380940363212,29.996422112765853,0.0,61054.88962681273,120.08595936097873,2543.95373445053,41883.47752455863,66.65197192173353,33.348028078266466,29.397402421241818,37.254569500491705,33.34802807826647,0.0,44.105825489697274,55.89417451030272,100.0,0.0,0.0,100.0,100.00000000000003,100.0,0,0,0,46666.666666666664,16843.133333333335,63509.8,390.0729059490813,2013.9477995273755,149728.91212018568,3821.55,6225.570705476457,79993.54141470921
7,electric,2020,sim_config,random_greedy,Fiat 500e 2020,160,sim_config,True,True,single_phase_2,sim_config,num_parkings,400,100,reactive,closest_queueing,True,1,auto,100,False,0,0,False,,frozenset(),1,20,1,False,7,0.65,1,0.15,1,10,0.0019157088122605363,Roma,enjoy,default,21.31273069411744,160,5270400.0,2166720.0,9612,11312,8565,0,29489,20924,8565,0.7095527145715351,0.2904472854284649,0.3259520499169182,0.38360066465461695,0.2904472854284649,0.0,0.4593767922003441,0.5406232077996559,1.0,0.0,776,124141765.05428946,36893596.492077,63435.913755432426,inf,-inf,NA,0,776,0,0,0,0.0,61.62436162641918,61.625113150903026,5.248626408835083,5.2014411698712175,4.85,4.85,0,174653176.19028413,52182532.62708,29795.765738953163,23486.636319050493,53282.40205800366,11764.754475971044,0.0,11764.754475971044,29795.765738953163,23486.636319050496,53282.40205800366,11764.754475971044,0.0,11764.754475971044,23460.100377154704,656659.681230707,1.0,1.0,1.0,0,0,0,18895.0550718063,30.232088114890082,35.81895592251917,29.960301138458224,0.0,63435.913755432426,124.76908250630936,2643.163073143018,41883.47752455863,70.95527145715351,29.04472854284649,32.595204991691816,38.36006646546169,29.04472854284649,0.0,45.93767922003441,54.06232077996559,100.0,0.0,0.0,100.0,100.0,100.0,0,0,0,53333.333333333336,16843.133333333335,70176.46666666667,405.285004548596,2148.0486133464933,159872.251465667,4089.24,6642.573617895089,83053.21118110525
8,electric,2020,sim_config,random_greedy,Fiat 500e 2020,180,sim_config,True,True,single_phase_2,sim_config,num_parkings,400,100,reactive,closest_queueing,True,1,auto,100,False,0,0,False,,frozenset(),1,20,1,False,7,0.65,1,0.15,1,10,0.0019157088122605363,Roma,enjoy,default,21.31273069411744,180,5270400.0,2166720.0,10862,11351,7276,0,29489,22213,7276,0.7532639289226492,0.24673607107735085,0.36834073722404964,0.38492319169859945,0.24673607107735088,0.0,0.4889929320668077,0.5110070679331923,1.0,0.0,832,131979188.41496071,39096145.236603,73809.99528687034,inf,-inf,NA,0,832,0,0,0,0.0,61.60278024732373,61.40351549974018,5.256206618628703,5.204955257528482,4.622222222222222,4.622222222222222,0,174653176.19028413,52182532.62708,31662.4452944117,24958.05424558981,56620.4995400015,12501.806406359057,0.0,12501.806406359057,31662.445294411704,24958.054245589807,56620.4995400015,12501.806406359057,0.0,12501.806406359057,25189.42410258671,764047.4473746436,1.0,1.0000000000000002,1.0,0,0,0,18922.34382706333,30.275750123301332,35.94170920879075,29.980542283364063,0.0,73809.99528687034,145.1733702022884,3075.416470286264,41883.47752455863,75.32639289226492,24.673607107735084,36.834073722404966,38.49231916985995,24.673607107735087,0.0,48.899293206680774,51.100706793319226,100.0,0.0,0.0,100.0,100.00000000000003,100.0,0,0,0,60000.0,16843.133333333335,76843.13333333333,471.5638587772272,2282.622044544568,169416.629358613,4382.13,7136.315903321795,85437.18012195786
9,electric,2020,sim_config,random_greedy,Fiat 500e 2020,200,sim_config,True,True,single_phase_2,sim_config,num_parkings,400,100,reactive,closest_queueing,True,1,auto,100,False,0,0,False,,frozenset(),1,20,1,False,7,0.65,1,0.15,1,10,0.0019157088122605363,Roma,enjoy,default,21.31273069411744,200,5270400.0,2166720.0,11833,11272,6384,0,29489,23105,6384,0.7835124961850182,0.21648750381498183,0.4012682695242294,0.3822442266607888,0.21648750381498186,0.0,0.5121402293875784,0.48785977061242153,1.0,0.0,861,137371427.0238731,40692805.083235,72570.3149757591,inf,-inf,NA,0,861,0,0,0,0.0,61.50026309922968,61.25757322014335,5.251052777061295,5.200544344532732,4.305,4.305,0,174653176.19028413,52182532.62708,32955.73303610427,25977.49368913829,58933.22672524255,13012.456573268666,0.0,13012.456573268666,32955.73303610427,25977.493689138293,58933.22672524256,13012.456573268666,0.0,13012.456573268666,26041.86110044671,751214.8415252079,1.0,1.0000000000000002,1.0,0,0,0,18903.789997420663,30.246063995873065,35.71129534727664,29.95513542450854,0.0,72570.3149757591,142.73510194284773,3023.7631239899624,41883.47752455863,78.35124961850181,21.648750381498182,40.12682695242294,38.22442266607888,21.648750381498186,0.0,51.21402293875784,48.78597706124215,100.0,0.0,0.0,100.0,100.00000000000003,100.0,0,0,0,66666.66666666667,16843.133333333335,83509.8,463.6436790117943,2375.858276985773,176335.48869401836,4536.05,7375.551955997567,85450.1367380208
10,electric,2020,sim_config,random_greedy,Fiat 500e 2020,220,sim_config,True,True,single_phase_2,sim_config,num_parkings,400,100,reactive,closest_queueing,True,1,auto,100,False,0,0,False,,frozenset(),1,20,1,False,7,0.65,1,0.15,1,10,0.0019157088122605363,Roma,enjoy,default,21.31273069411744,220,5270400.0,2166720.0,12681,11256,5552,0,29489,23937,5552,0.8117264064566448,0.18827359354335516,0.4300247549933874,0.38170165146325746,0.18827359354335516,0.0,0.5297656347913272,0.4702343652086728,1.0,0.0,899,142308316.73711184,42119029.706286,73664.18451850764,inf,-inf,NA,0,899,0,0,0,0.0,61.553578591177825,61.32536797823514,5.243565684444623,5.201990654790379,4.086363636363636,4.086363636363636,0,174653176.19028413,52182532.62708,34153.51068682193,26921.646906073904,61075.157592895834,13485.394912929336,0.0,13485.394912929336,34153.51068682193,26921.646906073904,61075.157592895834,13485.394912929334,0.0,13485.394912929334,27152.44156981853,762538.0807240406,1.0,1.0,1.0,0,0,0,18876.836464000644,30.202938342401033,34.90777055788341,29.963466171592586,0.0,73664.18451850764,144.88658193502556,3069.3410216044845,41883.47752455863,81.17264064566449,18.827359354335517,43.002475499338736,38.17016514632574,18.827359354335517,0.0,52.97656347913272,47.02343652086728,100.0,0.0,0.0,100.0,100.0,100.0,0,0,0,73333.33333333333,16843.133333333335,90176.46666666666,470.63228997935437,2462.208956618009,182515.79539390598,4734.37,7667.211246597363,84672.11748064196
11,electric,2020,sim_config,random_greedy,Fiat 500e 2020,240,sim_config,True,True,single_phase_2,sim_config,num_parkings,400,100,reactive,closest_queueing,True,1,auto,100,False,0,0,False,,frozenset(),1,20,1,False,7,0.65,1,0.15,1,10,0.0019157088122605363,Roma,enjoy,default,21.31273069411744,240,5270400.0,2166720.0,13369,11139,4981,0,29489,24508,4981,0.8310895588185425,0.16891044118145748,0.4533554884872325,0.37773407033130996,0.16891044118145748,0.0,0.5454953484576465,0.45450465154235353,1.0,0.0,924,145847754.47579256,43164471.766166,76980.14120001507,inf,-inf,NA,0,924,0,0,0,0.0,61.63758370849564,61.66222723422908,5.254135604718751,5.209632873705767,3.8661087866108788,3.8661087866108788,0,174653176.19028413,52182532.62708,35007.77721668259,27595.026052700243,62602.80326938283,13822.699081209576,0.0,13822.699081209576,35007.77721668259,27595.026052700243,62602.80326938283,13822.699081209574,0.0,13822.699081209574,27963.770680858324,796863.3537207898,1.0,1.0,0.9999999999999998,0,0,0,18914.888176987504,30.263821083180005,36.59538098981633,30.007485352545224,0.0,76980.14120001507,151.40857946433394,3207.5058833339613,41883.47752455863,83.10895588185426,16.89104411814575,45.33554884872325,37.773407033130994,16.89104411814575,0.0,54.54953484576465,45.45046515423535,100.0,0.0,0.0,100.0,100.0,99.99999999999997,0,0,0,80000.0,16843.133333333335,96843.13333333333,491.81756877787404,2523.7950910698764,187046.0443200527,4865.08,7880.69265984775,82322.21832687162
12,electric,2020,sim_config,random_greedy,Fiat 500e 2020,260,sim_config,True,True,single_phase_2,sim_config,num_parkings,400,100,reactive,closest_queueing,True,1,auto,100,False,0,0,False,,frozenset(),1,20,1,False,7,0.65,1,0.15,1,10,0.0019157088122605363,Roma,enjoy,default,21.31273069411744,260,5270400.0,2166720.0,14344,10818,4327,0,29489,25162,4327,0.8532673200176337,0.14673267998236628,0.48641866458679506,0.3668486554308386,0.1467326799823663,0.0,0.5700659724982116,0.4299340275017884,1.0,0.0,930,149499269.94926187,44387394.694028005,77728.26445879908,inf,-inf,NA,0,930,0,0,0,0.0,61.73501943529482,61.814448433948705,5.255450639071164,5.211119262314515,3.5907335907335907,3.5907335907335907,0,174653176.19028413,52182532.62708,35892.38613311067,28292.322711788067,64184.708844898734,14171.983835298823,0.0,14171.983835298823,35892.38613311067,28292.32271178807,64184.708844898734,14171.983835298824,0.0,14171.983835298824,28152.39798337641,804607.5848912969,1.0,1.0000000000000002,1.0,0,0,0,18919.62230065619,30.271395681049903,35.87132286732462,30.01604695093161,0.0,77728.26445879908,152.88002753017219,3238.677685783295,41883.47752455863,85.32673200176338,14.673267998236629,48.64186645867951,36.68486554308386,14.67326799823663,0.0,57.006597249821155,42.99340275017884,100.0,0.0,0.0,100.0,100.00000000000003,100.0,0,0,0,86666.66666666667,16843.133333333335,103509.8,496.59724515343856,2587.568681348951,192345.3770074547,4901.62,7985.785926502389,80849.7910809523
13,electric,2020,sim_config,random_greedy,Fiat 500e 2020,280,sim_config,True,True,single_phase_2,sim_config,num_parkings,400,100,reactive,closest_queueing,True,1,auto,100,False,0,0,False,,frozenset(),1,20,1,False,7,0.65,1,0.15,1,10,0.0019157088122605363,Roma,enjoy,default,21.31273069411744,280,5270400.0,2166720.0,14927,10646,3916,0,29489,25573,3916,0.8672047204042185,0.13279527959578152,0.5061887483468412,0.36101597205737734,0.13279527959578147,0.0,0.5837015602393149,0.4162984397606851,1.0,0.0,945,151860993.11633688,45097284.384434,78839.1828650804,inf,-inf,NA,0,945,0,0,0,0.0,61.332195326614496,61.0,5.24087898238755,5.197479556231746,3.411552346570397,3.411552346570397,0,174653176.19028413,52182532.62708,36466.979189048034,28745.24807891867,65212.22726796671,14398.859905070827,0.0,14398.859905070827,36466.979189048034,28745.24807891867,65212.2272679667,14398.859905070827,0.0,14398.859905070827,28527.152476931926,816107.306158881,1.0,1.0,1.0000000000000002,0,0,0,18867.164336595182,30.1874629385523,34.87987859890785,29.93748224389486,0.0,78839.1828650804,155.065040121391,3284.9659527116833,41883.47752455863,86.72047204042185,13.279527959578152,50.61887483468412,36.10159720573773,13.279527959578147,0.0,58.370156023931486,41.62984397606851,100.0,0.0,0.0,100.0,100.0,100.00000000000003,0,0,0,93333.33333333333,16843.133333333335,110176.46666666666,503.6947794157914,2628.992480551103,195421.56566588068,4980.73,8113.417259966895,77131.68173924713
14,electric,2020,sim_config,random_greedy,Fiat 500e 2020,300,sim_config,True,True,single_phase_2,sim_config,num_parkings,400,100,reactive,closest_queueing,True,1,auto,100,False,0,0,False,,frozenset(),1,20,1,False,7,0.65,1,0.15,1,10,0.0019157088122605363,Roma,enjoy,default,21.31273069411744,300,5270400.0,2166720.0,15817,10316,3356,0,29489,26133,3356,0.8861948523178135,0.11380514768218652,0.5363694937095188,0.3498253586082946,0.11380514768218658,0.0,0.6052500669651398,0.3947499330348601,1.0,0.0,970,155400595.97707865,46149828.329028994,79098.97730589875,inf,-inf,NA,0,970,0,0,0,0.0,61.331355146532104,61.05734025968492,5.239583615467942,5.200769949651306,3.2441471571906355,3.2441471571906355,0,174653176.19028413,52182532.62708,37314.40671308654,29413.236350749703,66727.64306383624,14733.463715687418,0.0,14733.463715687418,37314.40671308654,29413.236350749703,66727.64306383624,14733.463715687418,0.0,14733.463715687418,29274.601576342488,818796.5798619604,1.0,1.0,1.0,0,0,0,18862.501015684593,30.180001625095347,36.185528916143376,29.95643490999153,0.0,79098.97730589875,155.57601745429602,3295.790721079114,41883.47752455863,88.61948523178135,11.380514768218653,53.63694937095188,34.98253586082946,11.380514768218658,0.0,60.525006696513984,39.47499330348601,100.0,0.0,0.0,100.0,100.0,100.0,0,0,0,100000.0,16843.133333333335,116843.13333333333,505.3545772321309,2690.085574578983,199982.5894257923,5111.33,8306.770151811113,74832.68594064786
15,electric,2020,sim_config,random_greedy,Fiat 500e 2020,320,sim_config,True,True,single_phase_2,sim_config,num_parkings,400,100,reactive,closest_queueing,True,1,auto,100,False,0,0,False,,frozenset(),1,20,1,False,7,0.65,1,0.15,1,10,0.0019157088122605363,Roma,enjoy,default,21.31273069411744,320,5270400.0,2166720.0,16338,10075,3076,0,29489,26413,3076,0.8956899182746109,0.10431008172538914,0.5540370985791312,0.34165281969547967,0.10431008172538912,0.0,0.6185590428955439,0.38144095710445614,1.0,0.0,956,156626798.5032733,46607162.076728,83738.73686434512,inf,-inf,NA,0,956,0,0,0,0.0,61.223703043667676,60.84170864680541,5.239465158277606,5.20021023059657,3.0253164556962027,3.0253164556962027,0,174653176.19028413,52182532.62708,37627.28155016842,29659.86124290066,67287.14279306908,14857.001256968515,0.0,14857.001256968515,37627.28155016842,29659.861242900657,67287.14279306908,14857.001256968515,0.0,14857.001256968515,28851.429261965135,866825.2571879113,1.0,1.0,1.0,0,0,0,18862.07456979938,30.179319311679013,36.54334063978454,29.95321092823624,0.0,83738.73686434512,164.70173991790057,3489.1140360143795,41883.47752455863,89.56899182746109,10.431008172538913,55.40370985791312,34.16528196954797,10.431008172538911,0.0,61.85590428955439,38.14409571044561,100.0,0.0,0.0,100.0,100.0,100.0,0,0,0,106666.66666666667,16843.133333333335,123509.8,534.9974855222049,2712.641476173623,201964.36899915469,5044.13,8291.768961695827,70162.80003745886
16,electric,2020,sim_config,random_greedy,Fiat 500e 2020,340,sim_config,True,True,single_phase_2,sim_config,num_parkings,400,100,reactive,closest_queueing,True,1,auto,100,False,0,0,False,,frozenset(),1,20,1,False,7,0.65,1,0.15,1,10,0.0019157088122605363,Roma,enjoy,default,21.31273069411744,340,5270400.0,2166720.0,17053,9718,2718,0,29489,26771,2718,0.9078300383193734,0.09216996168062663,0.5782834277188104,0.3295466106005629,0.09216996168062667,0.0,0.6369952560606627,0.36300474393933735,1.0,0.0,960,159061253.27331647,47277541.597591,79225.42810442694,inf,-inf,NA,0,960,0,0,0,0.0,61.491283150882445,61.26156440124737,5.239023895315831,5.198603087689136,2.8486646884273,2.8486646884273,0,174653176.19028413,52182532.62708,38194.65002190876,30107.09180147764,68301.7418233864,15081.024724796549,0.0,15081.024724796549,38194.65002190876,30107.09180147764,68301.7418233864,15081.024724796549,0.0,15081.024724796549,28969.706531538417,820105.5409241918,1.0,1.0,1.0,0,0,0,18860.48602313699,30.176777637019185,35.49031416250733,29.943953785089427,0.0,79225.42810442694,155.8247275174218,3301.0595043511235,41883.47752455863,90.78300383193734,9.216996168062664,57.82834277188103,32.95466106005629,9.216996168062668,0.0,63.69952560606627,36.30047439393373,100.0,0.0,0.0,100.0,100.0,100.0,0,0,0,113333.33333333333,16843.133333333335,130176.46666666666,506.16245733383886,2753.544437676809,204869.34692289433,5067.71,8327.416895010649,66365.46336121701
17,electric,2020,sim_config,random_greedy,Fiat 500e 2020,360,sim_config,True,True,single_phase_2,sim_config,num_parkings,400,100,reactive,closest_queueing,True,1,auto,100,False,0,0,False,,frozenset(),1,20,1,False,7,0.65,1,0.15,1,10,0.0019157088122605363,Roma,enjoy,default,21.31273069411744,360,5270400.0,2166720.0,17404,9560,2525,0,29489,26964,2525,0.9143748516395944,0.08562514836040558,0.5901861711146529,0.3241886805249415,0.08562514836040558,0.0,0.645453196855066,0.354546803144934,1.0,0.0,979,159982634.0259518,47616872.401375,86343.14001870326,inf,-inf,NA,0,979,0,0,0,0.0,61.69752064180523,61.71450795638531,5.2444535662981515,5.2035107455827445,2.773371104815864,2.773371104815864,0,174653176.19028413,52182532.62708,38426.01272941395,30289.46441833109,68715.47714774504,15172.377485203575,0.0,15172.377485203575,38426.01272941395,30289.464418331092,68715.47714774504,15172.377485203575,0.0,15172.377485203575,29573.68343849793,893784.8522168491,1.0,1.0000000000000002,1.0,0,0,0,18880.032838673345,30.208052541877354,36.757455827656806,29.972221894556615,0.0,86343.14001870326,169.8242166477006,3597.630834112635,41883.47752455863,91.43748516395944,8.562514836040558,59.01861711146529,32.41886805249415,8.562514836040558,0.0,64.5453196855066,35.454680314493395,100.0,0.0,0.0,100.0,100.00000000000003,100.0,0,0,0,120000.0,16843.133333333335,136843.13333333333,551.6367278972708,2770.223933259864,206339.78040595836,5164.64,8486.500661157135,61010.14641146789
18,electric,2020,sim_config,random_greedy,Fiat 500e 2020,380,sim_config,True,True,single_phase_2,sim_config,num_parkings,400,100,reactive,closest_queueing,True,1,auto,100,False,0,0,False,,frozenset(),1,20,1,False,7,0.65,1,0.15,1,10,0.0019157088122605363,Roma,enjoy,default,21.31273069411744,380,5270400.0,2166720.0,17690,9392,2407,0,29489,27082,2407,0.9183763437213877,0.08162365627861234,0.5998847027705246,0.318491640950863,0.08162365627861236,0.0,0.6532013883760431,0.34679861162395687,1.0,0.0,965,160755848.45081052,47812416.173877,85908.65111398062,inf,-inf,NA,0,965,0,0,0,0.0,61.34969270763817,60.99047077729705,5.248941892877849,5.202286853423195,2.5802139037433154,2.5802139037433154,0,174653176.19028413,52182532.62708,38609.65581729947,30434.221846465778,69043.87766376526,15244.888319766818,0.0,15244.888319766818,38609.65581729947,30434.22184646578,69043.87766376525,15244.888319766818,0.0,15244.888319766818,29175.718617372244,889287.2210047657,1.0,0.9999999999999999,1.0000000000000002,0,0,0,18896.190814360256,30.233905302976417,36.91447647816912,29.965172275717606,0.0,85908.65111398062,168.96964108013776,3579.5271297491927,41883.47752455863,91.83763437213877,8.162365627861234,59.988470277052464,31.8491640950863,8.162365627861236,0.0,65.32013883760432,34.67986116239569,100.0,0.0,0.0,100.0,99.99999999999999,100.00000000000003,0,0,0,126666.66666666667,16843.133333333335,143509.80000000002,548.8608265615429,2783.4632063746835,207187.136753467,5095.82,8428.144032936227,55249.19272053076
19,electric,2020,sim_config,random_greedy,Fiat 500e 2020,400,sim_config,True,True,single_phase_2,sim_config,num_parkings,400,100,reactive,closest_queueing,True,1,auto,100,False,0,0,False,,frozenset(),1,20,1,False,7,0.65,1,0.15,1,10,0.0019157088122605363,Roma,enjoy,default,21.31273069411744,400,5270400.0,2166720.0,18336,9066,2087,0,29489,27402,2087,0.9292278476720133,0.07077215232798673,0.6217911763708501,0.30743667130116314,0.07077215232798671,0.0,0.6691482373549376,0.3308517626450624,1.0,0.0,983,162569182.64263183,48398458.992002,78296.080175798,inf,-inf,NA,0,983,0,0,0,0.0,61.45390007660663,61.20638977318369,5.235282638718121,5.19726438640195,2.5598958333333335,2.5598958333333335,0,174653176.19028413,52182532.62708,39046.474016956214,30778.545609874483,69825.01962683069,15417.364466700634,0.0,15417.364466700634,39046.474016956214,30778.54560987448,69825.01962683069,15417.364466700634,0.0,15417.364466700634,29642.589123033104,810485.3545275913,1.0,1.0,1.0000000000000002,0,0,0,18847.017499385234,30.155227999016383,36.745790783792415,29.936242865675236,0.0,78296.080175798,153.99683726536023,3262.3366739915837,41883.47752455863,92.92278476720132,7.077215232798673,62.179117637085014,30.743667130116314,7.077215232798671,0.0,66.91482373549375,33.08517626450624,100.0,0.0,0.0,100.0,100.0,100.00000000000003,0,0,0,133333.33333333334,16843.133333333335,150176.46666666667,500.2249566787094,2814.954483903103,209726.6556320087,5189.02,8504.199440581813,51045.989524760225
20,electric,2020,sim_config,random_greedy,Fiat 500e 2020,420,sim_config,True,True,single_phase_2,sim_config,num_parkings,400,100,reactive,closest_queueing,True,1,auto,100,False,0,0,False,,frozenset(),1,20,1,False,7,0.65,1,0.15,1,10,0.0019157088122605363,Roma,enjoy,default,21.31273069411744,420,5270400.0,2166720.0,18716,8801,1972,0,29489,27517,1972,0.9331276069042694,0.06687239309573056,0.6346773373122181,0.2984502695920513,0.0668723930957306,0.0,0.6801613547988516,0.3198386452011484,1.0,0.0,991,163310352.74806952,48631725.230611995,84011.83567569245,inf,-inf,NA,0,991,0,0,0,0.0,61.19418074982552,60.78976622124858,5.239123158893149,5.198794620986852,2.4348894348894348,2.4348894348894348,0,174653176.19028413,52182532.62708,39226.048680955224,30920.09608595258,70146.14476690782,15488.268898241771,0.0,15488.268898241771,39226.04868095523,30920.096085952584,70146.14476690782,15488.268898241773,0.0,15488.268898241773,29905.753250667512,869652.2516739568,1.0,1.0000000000000002,1.0,0,0,0,18860.843372015333,30.17734939522453,35.43396132581988,29.94505701688427,0.0,84011.83567569245,165.2388849846011,3500.4931531538514,41883.47752455863,93.31276069042694,6.687239309573057,63.46773373122181,29.84502695920513,6.6872393095730605,0.0,68.01613547988516,31.983864520114842,100.0,0.0,0.0,100.0,100.00000000000003,100.0,0,0,0,140000.0,16843.133333333335,156843.13333333333,536.7422834835907,2827.900454527747,210737.47599931865,5230.17,8594.812738011338,45299.52992797398
21,electric,2020,sim_config,random_greedy,Fiat 500e 2020,440,sim_config,True,True,single_phase_2,sim_config,num_parkings,400,100,reactive,closest_queueing,True,1,auto,100,False,0,0,False,,frozenset(),1,20,1,False,7,0.65,1,0.15,1,10,0.0019157088122605363,Roma,enjoy,default,21.31273069411744,440,5270400.0,2166720.0,19117,8495,1877,0,29489,27612,1877,0.9363491471396114,0.06365085286038863,0.6482756282003459,0.28807351893926547,0.06365085286038862,0.0,0.6923439084456033,0.30765609155439666,1.0,0.0,987,163732372.68096203,48787135.069414996,84088.97266811051,inf,-inf,NA,0,987,0,0,0,0.0,60.86984315645935,60.23921689102162,5.24031939069155,5.203045163593799,2.3114754098360657,2.3114754098360657,0,174653176.19028413,52182532.62708,39322.90437494046,30996.442989737185,70319.34736467764,15526.5120321595,0.0,15526.5120321595,39322.90437494045,30996.442989737185,70319.34736467764,15526.5120321595,0.0,15526.5120321595,29791.84457440834,870450.7386800329,1.0,1.0,0.9999999999999998,0,0,0,18865.14980648958,30.184239690383322,36.087572568880454,29.96954014230029,0.0,84088.97266811051,165.39060206726825,3503.7071945046046,41883.47752455863,93.63491471396114,6.3650852860388625,64.82756282003459,28.807351893926548,6.365085286038862,0.0,69.23439084456034,30.765609155439666,100.0,0.0,0.0,100.0,100.0,99.99999999999997,0,0,0,146666.66666666666,16843.133333333335,163509.8,537.2351031573727,2834.883015103047,211410.91863413164,5211.12,8583.238118260419,39317.880515871235
22,electric,2020,sim_config,random_greedy,Fiat 500e 2020,460,sim_config,True,True,single_phase_2,sim_config,num_parkings,400,100,reactive,closest_queueing,True,1,auto,100,False,0,0,False,,frozenset(),1,20,1,False,7,0.65,1,0.15,1,10,0.0019157088122605363,Roma,enjoy,default,21.31273069411744,460,5270400.0,2166720.0,19548,8267,1674,0,29489,27815,1674,0.9432330699582895,0.05676693004171052,0.6628912475838449,0.2803418223744447,0.05676693004171047,0.0,0.70278626640302,0.29721373359698006,1.0,0.0,974,164858246.99336073,49170579.590466,81934.2452942342,inf,-inf,NA,0,974,0,0,0,0.0,61.108922653869946,60.673679491095015,5.233762959113097,5.203924849934472,2.2339449541284404,2.2339449541284404,0,174653176.19028413,52182532.62708,39609.31938827277,31222.21081572253,70831.5302039953,15639.602004057131,0.0,15639.602004057131,39609.31938827278,31222.210815722527,70831.53020399531,15639.602004057131,0.0,15639.602004057131,29362.666303734666,848145.9824827205,1.0,1.0,1.0,0,0,0,18841.54665280715,30.146474644491445,34.75224046992788,29.974607135622566,0.0,81934.2452942342,161.15257124885426,3413.9268872597586,41883.47752455863,94.32330699582894,5.676693004171051,66.28912475838449,28.034182237444472,5.676693004171047,0.0,70.278626640302,29.721373359698006,100.0,0.0,0.0,100.0,100.0,100.0,0,0,0,153333.33333333334,16843.133333333335,170176.46666666667,523.4687893798297,2855.5313641879557,213072.511558686,5148.15,8527.150153567785,34368.89473845155
23,electric,2020,sim_config,random_greedy,Fiat 500e 2020,480,sim_config,True,True,single_phase_2,sim_config,num_parkings,400,100,reactive,closest_queueing,True,1,auto,100,False,0,0,False,,frozenset(),1,20,1,False,7,0.65,1,0.15,1,10,0.0019157088122605363,Roma,enjoy,default,21.31273069411744,480,5270400.0,2166720.0,19982,7954,1553,0,29489,27936,1553,0.9473362948896199,0.0526637051103801,0.6776085998168808,0.26972769507273897,0.05266370511038014,0.0,0.7152777777777778,0.2847222222222222,1.0,0.0,979,165526664.38143805,49382888.476616,79201.55654321965,inf,-inf,NA,0,979,0,0,0,0.0,61.117644376477934,60.71475877469172,5.247836447945245,5.213332368114894,2.123644251626898,2.123644251626898,0,174653176.19028413,52182532.62708,39786.22672612833,31361.658760869745,71147.88548699807,15709.453251147163,0.0,15709.453251147163,39786.22672612834,31361.658760869745,71147.88548699807,15709.45325114716,0.0,15709.45325114716,29592.759643421152,819858.4333971634,1.0,1.0,1.0,0,0,0,18892.21121260288,30.22753794016461,36.12891102155848,30.028794440341798,0.0,79201.55654321965,155.7777756787313,3300.0648559674846,41883.47752455863,94.733629488962,5.26637051103801,67.76085998168809,26.972769507273895,5.266370511038014,0.0,71.52777777777779,28.47222222222222,100.0,0.0,0.0,100.0,100.0,100.0,0,0,0,160000.0,16843.133333333335,176843.13333333333,506.00994458168105,2868.2850408378786,213992.5167320027,5174.36,8548.654985419558,28600.728413249806
24,electric,2020,sim_config,random_greedy,Fiat 500e 2020,500,sim_config,True,True,single_phase_2,sim_config,num_parkings,400,100,reactive,closest_queueing,True,1,auto,100,False,0,0,False,,frozenset(),1,20,1,False,7,0.65,1,0.15,1,10,0.0019157088122605363,Roma,enjoy,default,21.31273069411744,500,5270400.0,2166720.0,20135,7858,1496,0,29489,27993,1496,0.9492692190308251,0.05073078096917494,0.6827969751432738,0.2664722438875513,0.050730780969174945,0.0,0.7192869645982924,0.28071303540170756,1.0,0.0,939,166029995.3465761,49443003.573088005,73133.96945863342,inf,-inf,NA,0,939,0,0,0,0.0,61.25040292721348,60.75570363724582,5.230133742037367,5.198077979157847,2.023706896551724,2.023706896551724,0,174653176.19028413,52182532.62708,39882.744251998985,31437.73910223097,71320.48335422995,15747.562860560955,0.0,15747.562860560955,39882.744251998985,31437.739102230968,71320.48335422996,15747.562860560956,0.0,15747.562860560956,28287.910562532983,757049.5359614779,1.0,1.0,0.9999999999999998,0,0,0,18828.481471334522,30.12557035413523,37.0353727021059,29.9409291599492,0.0,73133.96945863342,143.84372714449503,3047.248727443059,41883.47752455863,94.9269219030825,5.073078096917493,68.27969751432738,26.64722438875513,5.073078096917494,0.0,71.92869645982924,28.071303540170756,100.0,0.0,0.0,100.0,100.0,99.99999999999997,0,0,0,166666.66666666666,16843.133333333335,183509.8,467.24480487460244,2875.2432220582073,214253.01548338134,4974.93,8317.41802693281,22425.797456448545
25,electric,2020,sim_config,random_greedy,Fiat 500e 2020,520,sim_config,True,True,single_phase_2,sim_config,num_parkings,400,100,reactive,closest_queueing,True,1,auto,100,False,0,0,False,,frozenset(),1,20,1,False,7,0.65,1,0.15,1,10,0.0019157088122605363,Roma,enjoy,default,21.31273069411744,520,5270400.0,2166720.0,20217,7815,1457,0,29489,28032,1457,0.9505917460748076,0.049408253925192436,0.6855776730306216,0.26501407304418595,0.04940825392519244,0.0,0.7212114726027398,0.2787885273972603,1.0,0.0,956,166254474.0507359,49523468.536511,80874.91945375482,inf,-inf,NA,0,956,0,0,0,0.0,61.263761377517135,60.99223490637705,5.237394685955882,5.20071611882799,1.979296066252588,1.979296066252588,0,174653176.19028413,52182532.62708,39934.16111442267,31478.268657973615,71412.42977239628,15767.864629867345,0.0,15767.864629867345,39934.16111442266,31478.26865797362,71412.42977239628,15767.864629867345,0.0,15767.864629867345,28840.028081897224,837180.3239535402,1.0,1.0,1.0,0,0,0,18854.620869441176,30.167393391105882,35.892248649168074,29.95612484444922,0.0,80874.91945375482,159.06903362218105,3369.7883105731175,41883.47752455863,95.05917460748076,4.940825392519244,68.55776730306215,26.501407304418596,4.940825392519244,0.0,72.12114726027397,27.878852739726028,100.0,0.0,0.0,100.0,100.0,100.0,0,0,0,173333.33333333334,16843.133333333335,190176.46666666667,516.700874287878,2878.94998767717,214601.69699154765,5060.32,8455.970861965048,15969.259462915928
26,electric,2020,sim_config,random_greedy,Fiat 500e 2020,540,sim_config,True,True,single_phase_2,sim_config,num_parkings,400,100,reactive,closest_queueing,True,1,auto,100,False,0,0,False,,frozenset(),1,20,1,False,7,0.65,1,0.15,1,10,0.0019157088122605363,Roma,enjoy,default,21.31273069411744,540,5270400.0,2166720.0,20663,7481,1345,0,29489,28144,1345,0.9543897724575265,0.04561022754247346,0.7007019566618061,0.2536878157957204,0.045610227542473465,0.0,0.7341884593519045,0.26581154064809553,1.0,0.0,948,166848802.93618745,49789172.852166004,76196.42854249876,inf,-inf,NA,0,948,0,0,0,0.0,61.11781319020692,60.570998019260486,5.235775141196412,5.203751473718541,1.896,1.896,0,174653176.19028413,52182532.62708,40084.01271339341,31596.389804370363,71680.40251776378,15827.033012555283,0.0,15827.033012555283,40084.01271339341,31596.38980437036,71680.40251776377,15827.033012555283,0.0,15827.033012555283,28589.845443000188,788750.7173072089,1.0,1.0,1.0,0,0,0,18848.790508307084,30.158064813291336,34.960631660663765,29.9736084886188,0.0,76196.42854249876,149.86713230233863,3174.8511892707825,41883.47752455863,95.43897724575265,4.561022754247346,70.07019566618061,25.36878157957204,4.561022754247347,0.0,73.41884593519045,26.581154064809553,100.0,0.0,0.0,100.0,100.0,100.0,0,0,0,180000.0,16843.133333333335,196843.13333333333,486.8105156881865,2889.7531508580396,215753.08235938603,5021.44,8398.003666546225,10511.94535950647
27,electric,2020,sim_config,random_greedy,Fiat 500e 2020,560,sim_config,True,True,single_phase_2,sim_config,num_parkings,400,100,reactive,closest_queueing,True,1,auto,100,False,0,0,False,,frozenset(),1,20,1,False,7,0.65,1,0.15,1,10,0.0019157088122605363,Roma,enjoy,default,21.31273069411744,560,5270400.0,2166720.0,20737,7402,1350,0,29489,28139,1350,0.954220217708298,0.04577978229170199,0.7032113669503883,0.25100885075790974,0.045779782291701994,0.0,0.7369487188599453,0.2630512811400547,1.0,0.0,953,166942647.7570736,49777803.726902,78993.02540876355,inf,-inf,NA,0,953,0,0,0,0.0,61.19635886902073,60.970398593348534,5.240712916101514,5.20192969518919,1.8397683397683398,1.8397683397683398,0,174653176.19028413,52182532.62708,40094.460857501195,31604.62559743634,71699.08645493754,15831.158425918862,0.0,15831.158425918862,40094.460857501195,31604.625597436345,71699.08645493753,15831.158425918862,0.0,15831.158425918862,28767.74059609772,817699.8140887616,1.0,1.0,0.9999999999999998,0,0,0,18866.56649796545,30.186506396744722,36.34708590494719,29.963115044289733,0.0,78993.02540876355,155.36762570563565,3291.376058698481,41883.47752455863,95.4220217708298,4.577978229170199,70.32113669503883,25.100885075790973,4.577978229170199,0.0,73.69487188599453,26.30512811400547,100.0,0.0,0.0,100.0,100.0,99.99999999999997,0,0,0,186666.66666666666,16843.133333333335,203509.8,504.6776623337671,2890.506382765532,215703.8161499087,5046.39,8441.5740450993,3752.442104809412
28,electric,2020,sim_config,random_greedy,Fiat 500e 2020,580,sim_config,True,True,single_phase_2,sim_config,num_parkings,400,100,reactive,closest_queueing,True,1,auto,100,False,0,0,False,,frozenset(),1,20,1,False,7,0.65,1,0.15,1,10,0.0019157088122605363,Roma,enjoy,default,21.31273069411744,580,5270400.0,2166720.0,21015,7212,1262,0,29489,28227,1262,0.9572043812947201,0.042795618705279925,0.7126386110074944,0.24456577028722576,0.04279561870527993,0.0,0.7444999468593899,0.25550005314061003,1.0,0.0,958,167343316.8867242,49950912.371585,82590.1714238279,inf,-inf,NA,0,958,0,0,0,0.0,61.6163003526792,61.556410302782034,5.237496739863843,5.199972972759028,1.7973733583489682,1.7973733583489682,0,174653176.19028413,52182532.62708,40207.90007174463,31694.044530065803,71901.94460181044,15875.949505135079,0.0,15875.949505135079,40207.90007174463,31694.044530065803,71901.94460181044,15875.949505135075,0.0,15875.949505135075,28900.926010307878,854935.8309718663,1.0,1.0,0.9999999999999998,0,0,0,18854.988263509837,30.16798122161574,36.004226075564866,29.951844323092004,0.0,82590.1714238279,162.44268116508934,3441.257142659495,41883.47752455863,95.720438129472,4.279561870527992,71.26386110074944,24.456577028722577,4.279561870527993,0.0,74.44999468593899,25.550005314061004,100.0,0.0,0.0,100.0,100.0,99.99999999999997,0,0,0,193333.33333333334,16843.133333333335,210176.46666666667,527.6594285411227,2898.6844893122684,216453.95361020166,5072.27,8498.613917853392,-2221.1269743184093
29,electric,2020,sim_config,random_greedy,Fiat 500e 2020,600,sim_config,True,True,single_phase_2,sim_config,num_parkings,400,100,reactive,closest_queueing,True,1,auto,100,False,0,0,False,,frozenset(),1,20,1,False,7,0.65,1,0.15,1,10,0.0019157088122605363,Roma,enjoy,default,21.31273069411744,600,5270400.0,2166720.0,21366,6935,1188,0,29489,28301,1188,0.9597137915833023,0.04028620841669772,0.7245413544033369,0.23517243717996542,0.04028620841669775,0.0,0.7549556552771987,0.24504434472280132,1.0,0.0,959,167732675.69124714,50065106.75199,75904.44032063987,inf,-inf,NA,0,959,0,0,0,0.0,61.23581614794911,61.09623424775936,5.2403330401188395,5.200830285511372,1.7628676470588236,1.7628676470588236,0,174653176.19028413,52182532.62708,40301.25107286996,31767.628845121137,72068.8799179911,15912.808823265967,0.0,15912.808823265967,40301.25107286996,31767.628845121137,72068.8799179911,15912.808823265968,0.0,15912.808823265968,28946.76126033005,785728.1882485402,1.0,1.0,0.9999999999999998,0,0,0,18865.198944427822,30.184318311084517,36.328537456099745,29.956782444545507,0.0,75904.44032063987,149.29283455225908,3162.6850133599946,41883.47752455863,95.97137915833022,4.028620841669772,72.45413544033369,23.517243717996543,4.028620841669775,0.0,75.49556552771986,24.50443447228013,100.0,0.0,0.0,100.0,100.0,99.99999999999997,0,0,0,200000.0,16843.133333333335,216843.13333333333,484.94503538186586,2905.414388126704,216948.79592528997,5078.01,8468.369423508571,-8362.706831551928
30,electric,2020,sim_config,random_greedy,Fiat 500e 2020,620,sim_config,True,True,single_phase_2,sim_config,num_parkings,400,100,reactive,closest_queueing,True,1,auto,100,False,0,0,False,,frozenset(),1,20,1,False,7,0.65,1,0.15,1,10,0.0019157088122605363,Roma,enjoy,default,21.31273069411744,620,5270400.0,2166720.0,21461,6885,1143,0,29489,28346,1143,0.9612397843263589,0.038760215673641074,0.7277628946386788,0.23347688968768016,0.03876021567364102,0.0,0.7571085867494531,0.2428914132505468,1.0,0.0,945,168002932.4076062,50117394.842722,75833.40613515626,inf,-inf,NA,0,945,0,0,0,0.0,61.317768448740736,61.06841550141178,5.238213984017667,5.200170379472849,1.7119565217391304,1.7119565217391304,0,174653176.19028413,52182532.62708,40373.5903264729,31824.650562765477,72198.24088923837,15941.371725963947,0.0,15941.371725963947,40373.5903264729,31824.650562765477,72198.24088923837,15941.371725963945,0.0,15941.371725963945,28512.64635780497,784992.8747197405,1.0,0.9999999999999999,1.0,0,0,0,18857.5703424636,30.17211254794177,35.54918870319714,29.952981385763614,0.0,75833.40613515626,149.15312079037426,3159.7252556315107,41883.47752455863,96.1239784326359,3.8760215673641074,72.77628946386788,23.347688968768015,3.876021567364102,0.0,75.71085867494531,24.28914132505468,100.0,0.0,0.0,100.0,99.99999999999999,100.0,0,0,0,206666.66666666666,16843.133333333335,223509.8,484.4912058634983,2910.6294993862593,217175.37765179534,5008.46,8403.580705249758,-14738.00305345441
31,electric,2020,sim_config,random_greedy,Fiat 500e 2020,640,sim_config,True,True,single_phase_2,sim_config,num_parkings,400,100,reactive,closest_queueing,True,1,auto,100,False,0,0,False,,frozenset(),1,20,1,False,7,0.65,1,0.15,1,10,0.0019157088122605363,Roma,enjoy,default,21.31273069411744,640,5270400.0,2166720.0,21711,6684,1094,0,29489,28395,1094,0.9629014208687985,0.037098579131201515,0.7362406321001052,0.22666078876869342,0.037098579131201466,0.0,0.7646064447966191,0.23539355520338087,1.0,0.0,971,168354666.78216547,50230357.940198995,81806.74031667683,inf,-inf,NA,0,971,0,0,0,0.0,61.346192814306136,61.248924808228075,5.234655721288326,5.204311220033442,1.6655231560891939,1.6655231560891939,0,174653176.19028413,52182532.62708,40453.32658200439,31887.502997957723,72340.82957996211,15972.855309147542,0.0,15972.855309147542,40453.32658200438,31887.50299795773,72340.82957996211,15972.855309147544,0.0,15972.855309147544,29277.220062936765,846826.1090394062,1.0,1.0,1.0000000000000002,0,0,0,18844.760596637974,30.151616954620767,35.96053503452586,29.976832627392632,0.0,81806.74031667683,160.90178777112024,3408.614179861535,41883.47752455863,96.29014208687985,3.7098579131201515,73.62406321001052,22.666078876869342,3.7098579131201466,0.0,76.46064447966191,23.539355520338088,100.0,0.0,0.0,100.0,100.0,100.00000000000003,0,0,0,213333.33333333334,16843.133333333335,230176.46666666667,522.6541742454353,2916.377878354884,217664.884407529,5138.95,8577.98205260032,-21089.564311738
32,electric,2020,sim_config,random_greedy,Fiat 500e 2020,660,sim_config,True,True,single_phase_2,sim_config,num_parkings,400,100,reactive,closest_queueing,True,1,auto,100,False,0,0,False,,frozenset(),1,20,1,False,7,0.65,1,0.15,1,10,0.0019157088122605363,Roma,enjoy,default,21.31273069411744,660,5270400.0,2166720.0,21810,6593,1086,0,29489,28403,1086,0.9631727084675642,0.0368272915324358,0.7395978161348299,0.22357489233273423,0.03682729153243582,0.0,0.7678766327500616,0.2321233672499384,1.0,0.0,956,168406208.9874565,50265448.524068,75912.73858237304,inf,-inf,NA,0,956,0,0,0,0.0,61.087878510110905,60.62068145386087,5.239554340542497,5.2051344493792415,1.6369863013698631,1.6369863013698631,0,174653176.19028413,52182532.62708,40469.7712557644,31900.465580472657,72370.23683623705,15979.348431389102,0.0,15979.348431389102,40469.77125576439,31900.46558047265,72370.23683623705,15979.348431389102,0.0,15979.348431389102,28851.920349457694,785814.088073764,1.0,1.0,1.0,0,0,0,18862.39562595299,30.179833001524784,35.667329051652764,29.981574428424437,0.0,75912.73858237304,149.3091560086952,3163.0307742655436,41883.47752455863,96.31727084675641,3.68272915324358,73.95978161348299,22.357489233273423,3.6827291532435824,0.0,76.78766327500615,23.21233672499384,100.0,0.0,0.0,100.0,100.0,100.0,0,0,0,220000.0,16843.133333333335,236843.13333333333,484.99805205404994,2917.5634145473946,217816.94360429468,5064.03,8466.591466601443,-27492.7811956401
33,electric,2020,sim_config,random_greedy,Fiat 500e 2020,680,sim_config,True,True,single_phase_2,sim_config,num_parkings,400,100,reactive,closest_queueing,True,1,auto,100,False,0,0,False,,frozenset(),1,20,1,False,7,0.65,1,0.15,1,10,0.0019157088122605363,Roma,enjoy,default,21.31273069411744,680,5270400.0,2166720.0,21821,6605,1063,0,29489,28426,1063,0.9639526603140154,0.036047339685984614,0.7399708365831327,0.2239818237308827,0.03604733968598461,0.0,0.7676422993034546,0.2323577006965454,1.0,0.0,962,168528918.86132923,50271501.37996599,77338.12153869212,inf,-inf,NA,0,962,0,0,0,0.0,60.84449039285749,60.22990713207155,5.239914244242094,5.204981971491302,1.6033333333333333,1.6033333333333333,0,174653176.19028413,52182532.62708,40499.94500049422,31924.250160303967,72424.19516079819,15991.262429555054,0.0,15991.262429555054,40499.94500049422,31924.250160303967,72424.19516079819,15991.262429555056,0.0,15991.262429555056,29034.993617054748,800569.0031103266,1.0,1.0,1.0,0,0,0,18863.691279271537,30.181906046834456,36.26341008932754,29.9806961557899,0.0,77338.12153869212,152.11267397118115,3222.4217307788385,41883.47752455863,96.39526603140153,3.6047339685984614,73.99708365831327,22.39818237308827,3.6047339685984605,0.0,76.76422993034546,23.235770069654542,100.0,0.0,0.0,100.0,100.0,100.0,0,0,0,226666.66666666666,16843.133333333335,243509.8,494.10466538608864,2919.7387125778005,217843.1726465193,5094.26,8508.10337796389,-34174.730731444586
34,electric,2020,sim_config,random_greedy,Fiat 500e 2020,700,sim_config,True,True,single_phase_2,sim_config,num_parkings,400,100,reactive,closest_queueing,True,1,auto,100,False,0,0,False,,frozenset(),1,20,1,False,7,0.65,1,0.15,1,10,0.0019157088122605363,Roma,enjoy,default,21.31273069411744,700,5270400.0,2166720.0,21931,6545,1013,0,29489,28476,1013,0.9656482078063007,0.034351792193699326,0.7437010410661603,0.2219471667401404,0.03435179219369935,0.0,0.77015732546706,0.22984267453294002,1.0,0.0,960,168763788.45254663,50368458.180502,78062.15447393921,inf,-inf,NA,0,960,0,0,0,0.0,60.99669476618105,60.58689515318693,5.239094849255903,5.197628527082126,1.5894039735099337,1.5894039735099337,0,174653176.19028413,52182532.62708,40549.57966103279,31963.374887995225,72512.95454902801,16010.860502645388,0.0,16010.860502645388,40549.57966103279,31963.374887995225,72512.95454902801,16010.86050264539,0.0,16010.86050264539,28970.09887844544,808063.8622258261,1.0,1.0,1.0,0,0,0,18860.741457321248,30.177186331713997,36.68176464222783,29.938340315993052,0.0,78062.15447393921,153.5367399251045,3252.589769747467,41883.47752455863,96.56482078063007,3.4351792193699326,74.37010410661603,22.19471667401404,3.435179219369935,0.0,77.01573254670599,22.984267453294002,100.0,0.0,0.0,100.0,100.0,100.0,0,0,0,233333.33333333334,16843.133333333335,250176.46666666667,498.7304313612783,2923.316994964563,218263.31878217534,5084.76,8506.807426325842,-40419.95531081718
35,electric,2020,sim_config,random_greedy,Fiat 500e 2020,720,sim_config,True,True,single_phase_2,sim_config,num_parkings,400,100,reactive,closest_queueing,True,1,auto,100,False,0,0,False,,frozenset(),1,20,1,False,7,0.65,1,0.15,1,10,0.0019157088122605363,Roma,enjoy,default,21.31273069411744,720,5270400.0,2166720.0,22012,6466,1011,0,29489,28478,1011,0.965716029705992,0.03428397029400798,0.7464478280036624,0.2192682017023297,0.03428397029400793,0.0,0.7729475384507339,0.2270524615492661,1.0,0.0,958,168897149.08374992,50394406.435292006,79080.39201470421,inf,-inf,NA,0,958,0,0,0,0.0,60.48460138524769,59.566618091481345,5.236869300234377,5.205974924441658,1.5279106858054226,1.5279106858054226,0,174653176.19028413,52182532.62708,40574.45852412409,31982.985755343834,72557.44427946792,16020.683835211321,0.0,16020.683835211321,40574.458524124086,31982.98575534383,72557.44427946792,16020.683835211323,0.0,16020.683835211323,28897.463748237315,818604.1933939675,1.0,1.0,1.0,0,0,0,18852.72948084376,30.164367169350015,36.55125610351707,29.986415564783954,0.0,79080.39201470421,155.5394629287414,3295.016333946009,41883.47752455863,96.5716029705992,3.428397029400798,74.64478280036624,21.92682017023297,3.4283970294007933,0.0,77.29475384507339,22.70524615492661,100.0,0.0,0.0,100.0,100.0,100.0,0,0,0,240000.0,16843.133333333335,256843.13333333333,505.23583787172134,2925.1105722074876,218375.76121959867,5074.78,8505.126410079209,-46972.49852381387
36,electric,2020,sim_config,random_greedy,Fiat 500e 2020,740,sim_config,True,True,single_phase_2,sim_config,num_parkings,400,100,reactive,closest_queueing,True,1,auto,100,False,0,0,False,,frozenset(),1,20,1,False,7,0.65,1,0.15,1,10,0.0019157088122605363,Roma,enjoy,default,21.31273069411744,740,5270400.0,2166720.0,22124,6376,989,0,29489,28500,989,0.9664620706025976,0.03353792939740241,0.7502458543863814,0.21621621621621623,0.033537929397402425,0.0,0.776280701754386,0.22371929824561404,1.0,0.0,960,169066912.00077543,50423801.045828,75485.81784576918,inf,-inf,NA,0,960,0,0,0,0.0,60.636762579109245,59.9041815294089,5.241153606800326,5.20382018622669,1.5763546798029557,1.5763546798029557,0,174653176.19028413,52182532.62708,40619.77446583675,32018.706234951078,72638.48070078783,16038.576677193225,0.0,16038.576677193225,40619.77446583675,32018.70623495108,72638.48070078783,16038.576677193227,0.0,16038.576677193227,28981.48298416309,781394.7990903984,1.0,1.0,1.0000000000000002,0,0,0,18868.152984481174,30.189044775169883,36.65661832826094,29.974004272665734,0.0,75485.81784576918,148.46946591115298,3145.2424102403834,41883.47752455863,96.64620706025975,3.353792939740241,75.02458543863814,21.62162162162162,3.3537929397402424,0.0,77.62807017543861,22.371929824561406,100.0,0.0,0.0,100.0,100.0,100.00000000000003,0,0,0,246666.66666666666,16843.133333333335,263509.8,482.2705029035253,2928.3775077382347,218503.13786525468,5085.0,8495.64801064176,-53502.31014538706
37,electric,2020,sim_config,random_greedy,Fiat 500e 2020,760,sim_config,True,True,single_phase_2,sim_config,num_parkings,400,100,reactive,closest_queueing,True,1,auto,100,False,0,0,False,,frozenset(),1,20,1,False,7,0.65,1,0.15,1,10,0.0019157088122605363,Roma,enjoy,default,21.31273069411744,760,5270400.0,2166720.0,22175,6319,995,0,29489,28494,995,0.9662586049035233,0.03374139509647667,0.7519753128285124,0.214283292075011,0.033741395096476653,0.0,0.7782340141784235,0.22176598582157647,1.0,0.0,945,168866256.1683179,50418811.73131,79372.82258410053,inf,-inf,NA,0,945,0,0,0,0.0,60.3603011224479,59.20880540897754,5.231006446059773,5.190586623005643,1.5192926045016077,1.5192926045016077,0,174653176.19028413,52182532.62708,40573.7066123989,31982.39305779786,72556.09967019675,16020.386945481689,0.0,16020.386945481689,40573.70661239889,31982.39305779786,72556.09967019675,16020.386945481687,0.0,16020.386945481687,28473.414287192558,821631.3014328326,1.0,1.0,0.9999999999999998,0,0,0,18831.623205815184,30.130597129304295,36.58102028076345,29.897778948512507,0.0,79372.82258410053,156.1146307111595,3307.2009410041887,41883.47752455863,96.62586049035234,3.3741395096476667,75.19753128285124,21.4283292075011,3.3741395096476654,0.0,77.82340141784235,22.17659858215765,100.0,0.0,0.0,100.0,100.0,99.99999999999997,0,0,0,253333.33333333334,16843.133333333335,270176.4666666667,507.104144287309,2925.0563650777626,218481.51750234337,5009.94,8442.100509365071,-60137.04967368838
38,electric,2020,sim_config,random_greedy,Fiat 500e 2020,780,sim_config,True,True,single_phase_2,sim_config,num_parkings,400,100,reactive,closest_queueing,True,1,auto,100,False,0,0,False,,frozenset(),1,20,1,False,7,0.65,1,0.15,1,10,0.0019157088122605363,Roma,enjoy,default,21.31273069411744,780,5270400.0,2166720.0,22431,6123,935,0,29489,28554,935,0.9682932618942657,0.03170673810573432,0.7606565159890128,0.2076367459052528,0.03170673810573434,0.0,0.7855641941584367,0.21443580584156335,1.0,0.0,940,169294349.5516848,50548773.911486,76122.74279622841,inf,-inf,NA,0,940,0,0,0,0.0,60.17001061823582,59.0,5.237057307251219,5.204776677742789,1.4873417721518987,1.4873417721518987,0,174653176.19028413,52182532.62708,40686.30640090647,32071.150309598306,72757.45671050478,16064.846580365509,0.0,16064.846580365509,40686.306400906455,32071.150309598306,72757.45671050478,16064.84658036551,0.0,16064.84658036551,28355.523084381006,787987.956029053,1.0,1.0,1.0,0,0,0,18853.40630610439,30.165450089767027,36.30191976378197,29.979513663798475,0.0,76122.74279622841,149.72220331161913,3171.7809498428505,41883.47752455863,96.82932618942657,3.1706738105734322,76.06565159890128,20.76367459052528,3.1706738105734344,0.0,78.55641941584366,21.443580584156336,100.0,0.0,0.0,100.0,100.0,100.0,0,0,0,260000.0,16843.133333333335,276843.13333333336,486.33974564257045,2933.173955398678,219044.68694977267,4985.54,8405.053701041248,-66203.50008460194
39,electric,2020,sim_config,random_greedy,Fiat 500e 2020,800,sim_config,True,True,single_phase_2,sim_config,num_parkings,400,100,reactive,closest_queueing,True,1,auto,100,False,0,0,False,,frozenset(),1,20,1,False,7,0.65,1,0.15,1,10,0.0019157088122605363,Roma,enjoy,default,21.31273069411744,800,5270400.0,2166720.0,22412,6127,950,0,29489,28539,950,0.9677845976465801,0.03221540235341991,0.7600122079419445,0.20777238970463563,0.03221540235341992,0.0,0.785311328357686,0.21468867164231403,1.0,0.0,943,169136508.1450125,50519285.105137,80667.924219551,inf,-inf,NA,0,943,0,0,0,0.0,60.21857809476903,59.13467449449401,5.2344122781661,5.203020041103538,1.453004622496148,1.453004622496148,0,174653176.19028413,52182532.62708,40638.69374962966,32033.619439120892,72672.31318875056,16046.046890599884,0.0,16046.046890599884,40638.69374962966,32033.619439120892,72672.31318875054,16046.046890599882,0.0,16046.046890599882,28431.652483069247,835037.603584876,1.0,1.0,1.0,0,0,0,18843.88420139796,30.15021472223674,35.93664410227702,29.969395436756386,0.0,80667.924219551,158.66190453826246,3361.1635091479584,41883.47752455863,96.77845976465801,3.221540235341991,76.00122079419445,20.777238970463564,3.221540235341992,0.0,78.5311328357686,21.468867164231405,100.0,0.0,0.0,100.0,100.0,100.0,0,0,0,266666.6666666667,16843.133333333335,283509.80000000005,515.3784047360202,2929.7414445362647,218916.90212226033,5000.39,8445.509849272286,-73038.407727012
40,electric,2020,sim_config,random_greedy,Fiat 500e 2020,820,sim_config,True,True,single_phase_2,sim_config,num_parkings,400,100,reactive,closest_queueing,True,1,auto,100,False,0,0,False,,frozenset(),1,20,1,False,7,0.65,1,0.15,1,10,0.0019157088122605363,Roma,enjoy,default,21.31273069411744,820,5270400.0,2166720.0,22384,6144,961,0,29489,28528,961,0.9674115771982773,0.032588422801722694,0.7590627013462647,0.20834887585201262,0.03258842280172267,0.0,0.7846326416152551,0.2153673583847448,1.0,0.0,931,169146434.48897272,50503057.92789599,80042.87912810603,inf,-inf,NA,0,931,0,0,0,0.0,60.12044299422431,58.91829730969761,5.234976757031138,5.196967829257518,1.4569640062597808,1.4569640062597808,0,174653176.19028413,52182532.62708,40647.10070238721,32040.24625461199,72687.34695699919,16049.36634665784,0.0,16049.36634665784,40647.1007023872,32040.24625461199,72687.3469569992,16049.366346657842,0.0,16049.366346657842,28072.876958184905,828567.4215349188,1.0,1.0,1.0000000000000002,0,0,0,18845.916325312097,30.15346612049936,36.0733877409712,29.934534696523304,0.0,80042.87912810603,157.43253306762634,3335.1199636710844,41883.47752455863,96.74115771982773,3.2588422801722694,75.90627013462648,20.834887585201262,3.258842280172267,0.0,78.46326416152552,21.53673583847448,100.0,0.0,0.0,100.0,100.0,100.00000000000003,0,0,0,273333.3333333333,16843.133333333335,290176.4666666667,511.38506109623296,2930.3475220363885,218846.584354216,4940.28,8382.012583132622,-79711.8948955833
41,electric,2020,sim_config,random_greedy,Fiat 500e 2020,840,sim_config,True,True,single_phase_2,sim_config,num_parkings,400,100,reactive,closest_queueing,True,1,auto,100,False,0,0,False,,frozenset(),1,20,1,False,7,0.65,1,0.15,1,10,0.0019157088122605363,Roma,enjoy,default,21.31273069411744,840,5270400.0,2166720.0,22616,5963,910,0,29489,28579,910,0.9691410356404083,0.03085896435959168,0.7669300417104683,0.20221099392993996,0.030858964359591713,0.0,0.7913502921725742,0.20864970782742573,1.0,0.0,925,169395455.65642244,50576846.166033,75270.0482738182,inf,-inf,NA,0,925,0,0,0,0.0,59.68836036937626,58.20171517137807,5.2408699183115415,5.1948728926415555,1.4208909370199694,1.4208909370199694,0,174653176.19028413,52182532.62708,40701.13324751853,32082.837633132356,72783.97088065089,16070.700909184316,0.0,16070.700909184316,40701.13324751853,32082.83763313236,72783.97088065089,16070.700909184314,0.0,16070.700909184314,27923.354924763895,779161.2507744903,1.0,0.9999999999999999,0.9999999999999998,0,0,0,18867.13170592155,30.187410729474482,35.995274697956795,29.922467861615363,0.0,75270.0482738182,148.04507899952284,3136.2520114090917,41883.47752455863,96.91410356404083,3.085896435959168,76.69300417104682,20.221099392993995,3.0858964359591714,0.0,79.13502921725743,20.864970782742574,100.0,0.0,0.0,100.0,99.99999999999999,99.99999999999997,0,0,0,280000.0,16843.133333333335,296843.13333333336,480.8919750827274,2934.24285853023,219166.333386143,4910.79,8325.924833612957,-86002.72478080331
42,electric,2020,sim_config,random_greedy,Fiat 500e 2020,860,sim_config,True,True,single_phase_2,sim_config,num_parkings,400,100,reactive,closest_queueing,True,1,auto,100,False,0,0,False,,frozenset(),1,20,1,False,7,0.65,1,0.15,1,10,0.0019157088122605363,Roma,enjoy,default,21.31273069411744,860,5270400.0,2166720.0,22595,5976,918,0,29489,28571,918,0.9688697480416426,0.03113025195835739,0.7662179117637085,0.20265183627793415,0.031130251958357353,0.0,0.7908368625529383,0.2091631374470617,1.0,0.0,911,169379704.19743636,50566755.160270005,76930.16974222599,inf,-inf,NA,0,911,0,0,0,0.0,59.876710348419,58.41729136915402,5.244993179227979,5.203138724151399,1.4015384615384616,1.4015384615384616,0,174653176.19028413,52182532.62708,40694.24531323055,32077.40819027029,72771.65350350084,16067.981232286107,0.0,16067.981232286107,40694.24531323056,32077.40819027029,72771.65350350084,16067.981232286107,0.0,16067.981232286107,27522.36740895373,796346.0719540467,1.0,1.0,1.0,0,0,0,18881.975445220723,30.211160712353163,36.87703417541792,29.970079051112062,0.0,76930.16974222599,151.31029298005808,3205.4237392594155,41883.47752455863,96.88697480416425,3.113025195835739,76.62179117637085,20.265183627793416,3.113025195835735,0.0,79.08368625529383,20.91631374470617,100.0,0.0,0.0,100.0,100.0,100.0,0,0,0,286666.6666666667,16843.133333333335,303509.80000000005,491.49830668644387,2933.746290735137,219122.60569450338,4840.71,8265.95459742158,-92653.14890291824
43,electric,2020,sim_config,random_greedy,Fiat 500e 2020,880,sim_config,True,True,single_phase_2,sim_config,num_parkings,400,100,reactive,closest_queueing,True,1,auto,100,False,0,0,False,,frozenset(),1,20,1,False,7,0.65,1,0.15,1,10,0.0019157088122605363,Roma,enjoy,default,21.31273069411744,880,5270400.0,2166720.0,22601,5957,931,0,29489,28558,931,0.9684289056936485,0.03157109430635152,0.7664213774627827,0.20200752823086573,0.03157109430635152,0.0,0.7914069612717978,0.20859303872820226,1.0,0.0,883,169306590.52519685,50547325.084121,77306.7245983798,inf,-inf,NA,0,883,0,0,0,0.0,59.97793876791999,58.78736148165409,5.241907436433088,5.200928997253025,1.3732503888024883,1.3732503888024883,0,174653176.19028413,52182532.62708,40687.10490916044,32071.779737051962,72758.88464621239,16065.161868572477,0.0,16065.161868572477,40687.10490916043,32071.77973705196,72758.88464621238,16065.161868572479,0.0,16065.161868572479,26660.760574293607,800243.9962869589,1.0,0.9999999999999999,1.0,0,0,0,18870.86677115912,30.193386833854593,35.85714715814495,29.957351024177434,0.0,77306.7245983798,152.05092082214674,3361.161939059992,41883.47752455863,96.84289056936485,3.157109430635152,76.64213774627827,20.200752823086574,3.157109430635152,0.0,79.14069612717978,20.859303872820227,100.0,0.0,0.0,100.0,99.99999999999999,100.0,0,0,0,293333.3333333333,16843.133333333335,310176.4666666667,493.90407382298207,2933.231521784544,219038.40869785764,4700.58,8127.715595607526,-99265.77356441657
44,electric,2020,sim_config,random_greedy,Fiat 500e 2020,900,sim_config,True,True,single_phase_2,sim_config,num_parkings,400,100,reactive,closest_queueing,True,1,auto,100,False,0,0,False,,frozenset(),1,20,1,False,7,0.65,1,0.15,1,10,0.0019157088122605363,Roma,enjoy,default,21.31273069411744,900,5270400.0,2166720.0,22509,6037,943,0,29489,28546,943,0.9680219742955,0.031978025704500035,0.7633015700769779,0.20472040421852217,0.031978025704499986,0.0,0.7885167799341414,0.21148322006585862,1.0,0.0,886,169239838.8110919,50507355.562475,76822.81465821667,inf,-inf,NA,0,886,0,0,0,0.0,59.526511560195424,57.95137463609838,5.244037646399022,5.201459292833608,1.410828025477707,1.410828025477707,0,174653176.19028413,52182532.62708,40668.123536736835,32056.817591260668,72724.9411279975,16057.667139685927,0.0,16057.667139685927,40668.123536736835,32056.817591260668,72724.9411279975,16057.667139685927,0.0,16057.667139685927,26762.21196312691,795234.7810295417,1.0,1.0000000000000002,1.0,0,0,0,18878.535527036478,30.205656843258364,35.77531772594721,29.960405526721583,0.0,76822.81465821667,151.09914136985395,3200.9506107590278,41883.47752455863,96.80219742954999,3.1978025704500035,76.33015700769778,20.472040421852217,3.1978025704499986,0.0,78.85167799341414,21.14832200658586,100.0,0.0,0.0,100.0,100.00000000000003,100.0,0,0,0,300000.0,16843.133333333335,316843.13333333336,490.81242698305095,2931.8631088673815,218865.20743739168,4715.46,8138.1355358504325,-106116.06143179211
45,electric,2020,sim_config,random_greedy,Fiat 500e 2020,920,sim_config,True,True,single_phase_2,sim_config,num_parkings,400,100,reactive,closest_queueing,True,1,auto,100,False,0,0,False,,frozenset(),1,20,1,False,7,0.65,1,0.15,1,10,0.0019157088122605363,Roma,enjoy,default,21.31273069411744,920,5270400.0,2166720.0,22697,5867,925,0,29489,28564,925,0.9686323713927227,0.031367628607277265,0.7696768286479704,0.19895554274475227,0.03136762860727729,0.0,0.7946015964150679,0.20539840358493208,1.0,0.0,871,169379714.13634014,50556846.825234,73695.59935000188,inf,-inf,NA,0,871,0,0,0,0.0,59.449463882529855,57.79417407161937,5.236548900547319,5.19714991124137,1.3630672926447573,1.3630672926447573,0,174653176.19028413,52182532.62708,40698.09587205148,32080.443409282434,72778.53928133391,16069.501612044773,0.0,16069.501612044773,40698.095872051475,32080.443409282434,72778.53928133391,16069.501612044773,0.0,16069.501612044773,26271.556372089886,762863.2727487733,1.0,1.0,1.0000000000000002,0,0,0,18851.57604197035,30.162521667152568,35.86525574503624,29.9355834887503,0.0,73695.59935000188,144.94837027337502,3070.6499729167444,41883.47752455863,96.86323713927227,3.1367628607277265,76.96768286479704,19.895554274475227,3.136762860727729,0.0,79.46015964150679,20.53984035849321,100.0,0.0,0.0,100.0,100.0,100.00000000000003,0,0,0,306666.6666666667,16843.133333333335,323509.80000000005,470.8329958472342,2934.0238868072893,219079.669576014,4640.64,8045.496882654524,-112475.62730664056
46,electric,2020,sim_config,random_greedy,Fiat 500e 2020,940,sim_config,True,True,single_phase_2,sim_config,num_parkings,400,100,reactive,closest_queueing,True,1,auto,100,False,0,0,False,,frozenset(),1,20,1,False,7,0.65,1,0.15,1,10,0.0019157088122605363,Roma,enjoy,default,21.31273069411744,940,5270400.0,2166720.0,22820,5786,883,0,29489,28606,883,0.9700566312862423,0.02994336871375769,0.7738478754789921,0.19620875580725017,0.029943368713757672,0.0,0.7977347409634342,0.20226525903656575,1.0,0.0,868,169585714.93075776,50611455.060769,71107.79802551889,inf,-inf,NA,0,868,0,0,0,0.0,59.4780960182509,57.79939662947568,5.237256566563278,5.199128822466226,1.35202492211838,1.35202492211838,0,174653176.19028413,52182532.62708,40740.56381550693,32113.918942413373,72854.4827579203,16086.269931819808,0.0,16086.269931819808,40740.563815506925,32113.918942413373,72854.4827579203,16086.269931819808,0.0,16086.269931819808,26184.60691071509,736075.5322998097,1.0,1.0000000000000002,1.0,0,0,0,18854.123639627804,30.166597823404484,36.311408472748326,29.946982017405468,0.0,71107.79802551889,139.8585468933704,2962.8249177299535,41883.47752455863,97.00566312862424,2.994336871375769,77.38478754789921,19.620875580725016,2.994336871375767,0.0,79.77347409634342,20.226525903656576,100.0,0.0,0.0,100.0,100.00000000000003,100.0,0,0,0,313333.3333333333,16843.133333333335,330176.4666666667,454.2998207185929,2937.0855032748896,219316.30526333235,4626.06,8017.445323993483,-118877.6067273278
47,electric,2020,sim_config,random_greedy,Fiat 500e 2020,960,sim_config,True,True,single_phase_2,sim_config,num_parkings,400,100,reactive,closest_queueing,True,1,auto,100,False,0,0,False,,frozenset(),1,20,1,False,7,0.65,1,0.15,1,10,0.0019157088122605363,Roma,enjoy,default,21.31273069411744,960,5270400.0,2166720.0,22848,5759,882,0,29489,28607,882,0.970090542236088,0.029909457763911962,0.7747973820746719,0.19529316016141612,0.02990945776391197,0.0,0.7986856363827035,0.20131436361729646,1.0,0.0,850,169618282.58327812,50646302.076437004,69313.93377524357,inf,-inf,NA,0,850,0,0,0,0.0,59.29227163026805,57.46006317411883,5.241476343010248,5.203750438246158,1.3157894736842106,1.3157894736842106,0,174653176.19028413,52182532.62708,40756.68983489809,32126.63034429619,72883.32017919427,16092.637234492067,0.0,16092.637234492067,40756.68983489809,32126.63034429619,72883.32017919427,16092.637234492067,0.0,16092.637234492067,25662.268175378173,717506.2667683245,1.0,1.0000000000000002,1.0,0,0,0,18869.314834836892,30.190903735739028,35.924206374969955,29.973602524297874,0.0,69313.93377524357,136.33028059439945,2888.080573968482,41883.47752455863,97.0090542236088,2.990945776391196,77.4797382074672,19.529316016141614,2.990945776391197,0.0,79.86856363827034,20.131436361729644,100.0,0.0,0.0,100.0,100.00000000000003,100.0,0,0,0,320000.0,16843.133333333335,336843.13333333336,442.83902134183387,2938.2480669054225,219467.3089978937,4536.07,7917.157088247256,-125292.98142368691
48,electric,2020,sim_config,random_greedy,Fiat 500e 2020,980,sim_config,True,True,single_phase_2,sim_config,num_parkings,400,100,reactive,closest_queueing,True,1,auto,100,False,0,0,False,,frozenset(),1,20,1,False,7,0.65,1,0.15,1,10,0.0019157088122605363,Roma,enjoy,default,21.31273069411744,980,5270400.0,2166720.0,22922,5706,861,0,29489,28628,861,0.9708026721828479,0.02919732781715212,0.7773067923632541,0.19349587981959374,0.029197327817152157,0.0,0.8006846444040799,0.1993153555959201,1.0,0.0,840,169613786.7730988,50671880.368413,72230.15979014926,inf,-inf,NA,0,840,0,0,0,0.0,59.37204349282645,57.610342304322835,5.24133136806113,5.19807084988399,1.3125,1.3125,0,174653176.19028413,52182532.62708,40766.505306891566,32134.367430935625,72900.8727378272,16096.512839471674,0.0,16096.512839471674,40766.50530689157,32134.367430935625,72900.87273782719,16096.512839471676,0.0,16096.512839471676,25359.657691226977,747693.7100000496,1.0,0.9999999999999999,0.9999999999999999,0,0,0,18868.79292502007,30.190068680032116,36.34825964186876,29.94088809533179,0.0,72230.15979014926,142.0660668820157,3009.5899912562195,41883.47752455863,97.08026721828479,2.919732781715212,77.7306792363254,19.349587981959374,2.919732781715216,0.0,80.068464440408,19.93153555959201,100.0,0.0,0.0,100.0,99.99999999999999,99.99999999999999,0,0,0,326666.6666666667,16843.133333333335,343509.80000000005,461.4704653259537,2938.9556879543206,219578.148263123,4486.28,7886.7061532802745,-131818.35789015732
